2024-10-12 16:41:01,983 [Worker-4: Loading available Gradle versions] INFO  o.e.b.c.i.u.g.PublishedGradleVersions - Gradle version information cache is up-to-date. Trying to read.
2024-10-12 16:41:31,827 [Worker-4: Building] INFO  o.e.m.c.i.l.LifecycleMappingFactory - Using org.maven.ide.eclipse.wtp.WarLifecycleMapping lifecycle mapping for MavenProject: com.cibertec.app:LPII_Spring_Ventas:0.0.1-SNAPSHOT @ F:\ARCHIVOS\INSTITUTO CIBERTEC CLASES\LENGUAJE DE PROGRAMACIÓN II\CLASES LPII\SESIÓN 10_LPII\LPII_Sesión_10 - Sol\LPII_Spring_Ventas\pom.xml.
2024-10-12 16:41:38,629 [Worker-4: Building] INFO  o.e.m.c.i.embedder.EclipseLogger - Using 'UTF-8' encoding to copy filtered resources.
2024-10-12 16:41:38,629 [Worker-4: Building] INFO  o.e.m.c.i.embedder.EclipseLogger - Using 'UTF-8' encoding to copy filtered properties files.
2024-10-12 16:41:38,635 [Worker-4: Building] INFO  o.e.m.c.i.embedder.EclipseLogger - Copying 1 resource
2024-10-12 16:41:38,659 [Worker-4: Building] INFO  o.e.m.c.i.embedder.EclipseLogger - Copying 15 resources
2024-10-12 16:41:38,720 [Worker-4: Building] INFO  o.e.m.c.i.embedder.EclipseLogger - Using 'UTF-8' encoding to copy filtered resources.
2024-10-12 16:41:38,721 [Worker-4: Building] INFO  o.e.m.c.i.embedder.EclipseLogger - Using 'UTF-8' encoding to copy filtered properties files.
2024-10-12 16:41:38,721 [Worker-4: Building] INFO  o.e.m.c.i.embedder.EclipseLogger - skip non existing resourceDirectory F:\ARCHIVOS\INSTITUTO CIBERTEC CLASES\LENGUAJE DE PROGRAMACIÓN II\CLASES LPII\SESIÓN 10_LPII\LPII_Sesión_10 - Sol\LPII_Spring_Ventas\src\test\resources
2024-10-12 16:41:40,671 [Worker-2: Building] INFO  o.e.m.c.i.embedder.EclipseLogger - Using 'UTF-8' encoding to copy filtered resources.
2024-10-12 16:41:40,671 [Worker-2: Building] INFO  o.e.m.c.i.embedder.EclipseLogger - Using 'UTF-8' encoding to copy filtered properties files.
2024-10-12 16:41:40,672 [Worker-2: Building] INFO  o.e.m.c.i.embedder.EclipseLogger - Copying 1 resource
2024-10-12 16:41:40,675 [Worker-2: Building] INFO  o.e.m.c.i.embedder.EclipseLogger - Copying 15 resources
2024-10-12 16:41:40,723 [Worker-2: Building] INFO  o.e.m.c.i.embedder.EclipseLogger - Using 'UTF-8' encoding to copy filtered resources.
2024-10-12 16:41:40,723 [Worker-2: Building] INFO  o.e.m.c.i.embedder.EclipseLogger - Using 'UTF-8' encoding to copy filtered properties files.
2024-10-12 16:41:40,723 [Worker-2: Building] INFO  o.e.m.c.i.embedder.EclipseLogger - skip non existing resourceDirectory F:\ARCHIVOS\INSTITUTO CIBERTEC CLASES\LENGUAJE DE PROGRAMACIÓN II\CLASES LPII\SESIÓN 10_LPII\LPII_Sesión_10 - Sol\LPII_Spring_Ventas\src\test\resources
2024-10-12 16:45:15,796 [Worker-5: Building] INFO  o.e.m.c.i.embedder.EclipseLogger - Using 'UTF-8' encoding to copy filtered resources.
2024-10-12 16:45:15,797 [Worker-5: Building] INFO  o.e.m.c.i.embedder.EclipseLogger - Using 'UTF-8' encoding to copy filtered properties files.
2024-10-12 16:45:15,801 [Worker-5: Building] INFO  o.e.m.c.i.embedder.EclipseLogger - Copying 1 resource
2024-10-12 16:45:15,806 [Worker-5: Building] INFO  o.e.m.c.i.embedder.EclipseLogger - Copying 15 resources
2024-10-12 16:45:15,813 [Worker-5: Building] INFO  o.e.m.c.i.embedder.EclipseLogger - Using 'UTF-8' encoding to copy filtered resources.
2024-10-12 16:45:15,813 [Worker-5: Building] INFO  o.e.m.c.i.embedder.EclipseLogger - Using 'UTF-8' encoding to copy filtered properties files.
2024-10-12 16:45:15,813 [Worker-5: Building] INFO  o.e.m.c.i.embedder.EclipseLogger - skip non existing resourceDirectory F:\ARCHIVOS\INSTITUTO CIBERTEC CLASES\LENGUAJE DE PROGRAMACIÓN II\CLASES LPII\SESIÓN 10_LPII\LPII_Sesión_10 - Sol\LPII_Spring_Ventas\src\test\resources
2024-10-12 16:46:52,398 [Worker-1: Building] INFO  o.e.m.c.i.embedder.EclipseLogger - Using 'UTF-8' encoding to copy filtered resources.
2024-10-12 16:46:52,398 [Worker-1: Building] INFO  o.e.m.c.i.embedder.EclipseLogger - Using 'UTF-8' encoding to copy filtered properties files.
2024-10-12 16:46:52,401 [Worker-1: Building] INFO  o.e.m.c.i.embedder.EclipseLogger - Copying 1 resource
2024-10-12 16:46:52,408 [Worker-1: Building] INFO  o.e.m.c.i.embedder.EclipseLogger - Copying 15 resources
2024-10-12 16:46:52,418 [Worker-1: Building] INFO  o.e.m.c.i.embedder.EclipseLogger - Using 'UTF-8' encoding to copy filtered resources.
2024-10-12 16:46:52,418 [Worker-1: Building] INFO  o.e.m.c.i.embedder.EclipseLogger - Using 'UTF-8' encoding to copy filtered properties files.
2024-10-12 16:46:52,418 [Worker-1: Building] INFO  o.e.m.c.i.embedder.EclipseLogger - skip non existing resourceDirectory F:\ARCHIVOS\INSTITUTO CIBERTEC CLASES\LENGUAJE DE PROGRAMACIÓN II\CLASES LPII\SESIÓN 10_LPII\LPII_Sesión_10 - Sol\LPII_Spring_Ventas\src\test\resources
2024-10-14 23:09:53,696 [Worker-2: Loading available Gradle versions] INFO  o.e.b.c.i.u.g.PublishedGradleVersions - Gradle version information cache is out-of-date. Trying to update.
2024-10-14 23:10:10,541 [Worker-5: Building] INFO  o.e.m.c.i.l.LifecycleMappingFactory - Using org.maven.ide.eclipse.wtp.WarLifecycleMapping lifecycle mapping for MavenProject: com.cibertec.app:LPII_Spring_Ventas:0.0.1-SNAPSHOT @ F:\ARCHIVOS\INSTITUTO CIBERTEC CLASES\LENGUAJE DE PROGRAMACIÓN II\CLASES LPII\SESIÓN 10_LPII\LPII_Sesión_10 - Sol\LPII_Spring_Ventas\pom.xml.
2024-10-14 23:10:14,462 [Worker-5: Building] INFO  o.e.m.c.i.embedder.EclipseLogger - Using 'UTF-8' encoding to copy filtered resources.
2024-10-14 23:10:14,462 [Worker-5: Building] INFO  o.e.m.c.i.embedder.EclipseLogger - Using 'UTF-8' encoding to copy filtered properties files.
2024-10-14 23:10:14,466 [Worker-5: Building] INFO  o.e.m.c.i.embedder.EclipseLogger - Copying 1 resource
2024-10-14 23:10:14,496 [Worker-5: Building] INFO  o.e.m.c.i.embedder.EclipseLogger - Copying 15 resources
2024-10-14 23:10:14,560 [Worker-5: Building] INFO  o.e.m.c.i.embedder.EclipseLogger - Using 'UTF-8' encoding to copy filtered resources.
2024-10-14 23:10:14,560 [Worker-5: Building] INFO  o.e.m.c.i.embedder.EclipseLogger - Using 'UTF-8' encoding to copy filtered properties files.
2024-10-14 23:10:14,560 [Worker-5: Building] INFO  o.e.m.c.i.embedder.EclipseLogger - skip non existing resourceDirectory F:\ARCHIVOS\INSTITUTO CIBERTEC CLASES\LENGUAJE DE PROGRAMACIÓN II\CLASES LPII\SESIÓN 10_LPII\LPII_Sesión_10 - Sol\LPII_Spring_Ventas\src\test\resources
2024-10-14 23:10:14,566 [Worker-5: Building] INFO  o.e.m.w.i.f.ResourceFilteringBuildParticipant - Changed resources require a complete clean of filtered resources of LPII_Spring_Ventas
2024-10-14 23:10:14,566 [Worker-5: Building] INFO  o.e.m.w.i.f.ResourceFilteringBuildParticipant - Executing resource filtering for LPII_Spring_Ventas
2024-10-14 23:17:14,525 [Worker-1: Building] INFO  o.e.m.c.i.embedder.EclipseLogger - Using 'UTF-8' encoding to copy filtered resources.
2024-10-14 23:17:14,525 [Worker-1: Building] INFO  o.e.m.c.i.embedder.EclipseLogger - Using 'UTF-8' encoding to copy filtered properties files.
2024-10-14 23:17:14,528 [Worker-1: Building] INFO  o.e.m.c.i.embedder.EclipseLogger - Copying 1 resource
2024-10-14 23:17:14,563 [Worker-1: Building] INFO  o.e.m.c.i.embedder.EclipseLogger - Copying 15 resources
2024-10-14 23:17:14,569 [Worker-1: Building] INFO  o.e.m.c.i.embedder.EclipseLogger - Using 'UTF-8' encoding to copy filtered resources.
2024-10-14 23:17:14,569 [Worker-1: Building] INFO  o.e.m.c.i.embedder.EclipseLogger - Using 'UTF-8' encoding to copy filtered properties files.
2024-10-14 23:17:14,569 [Worker-1: Building] INFO  o.e.m.c.i.embedder.EclipseLogger - skip non existing resourceDirectory F:\ARCHIVOS\INSTITUTO CIBERTEC CLASES\LENGUAJE DE PROGRAMACIÓN II\CLASES LPII\SESIÓN 10_LPII\LPII_Sesión_10 - Sol\LPII_Spring_Ventas\src\test\resources
2024-10-15 16:22:49,510 [Worker-4: Loading available Gradle versions] INFO  o.e.b.c.i.u.g.PublishedGradleVersions - Gradle version information cache is up-to-date. Trying to read.
2024-10-15 16:34:24,364 [Worker-7: Building] INFO  o.e.m.c.i.embedder.EclipseLogger - Using 'UTF-8' encoding to copy filtered resources.
2024-10-15 16:34:24,366 [Worker-7: Building] INFO  o.e.m.c.i.embedder.EclipseLogger - Using 'UTF-8' encoding to copy filtered properties files.
2024-10-15 16:34:24,371 [Worker-7: Building] INFO  o.e.m.c.i.embedder.EclipseLogger - Copying 1 resource
2024-10-15 16:34:24,393 [Worker-7: Building] INFO  o.e.m.c.i.embedder.EclipseLogger - Copying 15 resources
2024-10-15 16:34:24,402 [Worker-7: Building] INFO  o.e.m.c.i.embedder.EclipseLogger - Using 'UTF-8' encoding to copy filtered resources.
2024-10-15 16:34:24,402 [Worker-7: Building] INFO  o.e.m.c.i.embedder.EclipseLogger - Using 'UTF-8' encoding to copy filtered properties files.
2024-10-15 16:34:24,402 [Worker-7: Building] INFO  o.e.m.c.i.embedder.EclipseLogger - skip non existing resourceDirectory F:\ARCHIVOS\INSTITUTO CIBERTEC CLASES\LENGUAJE DE PROGRAMACIÓN II\CLASES LPII\SESIÓN 10 LPII\LPII_Sesión_10 - Sol\LPII_Spring_Ventas\src\test\resources
2024-10-15 16:34:52,367 [Worker-12: Building] INFO  o.e.m.c.i.embedder.EclipseLogger - Using 'UTF-8' encoding to copy filtered resources.
2024-10-15 16:34:52,368 [Worker-12: Building] INFO  o.e.m.c.i.embedder.EclipseLogger - Using 'UTF-8' encoding to copy filtered properties files.
2024-10-15 16:34:52,370 [Worker-12: Building] INFO  o.e.m.c.i.embedder.EclipseLogger - Copying 1 resource
2024-10-15 16:34:52,376 [Worker-12: Building] INFO  o.e.m.c.i.embedder.EclipseLogger - Copying 15 resources
2024-10-15 16:34:52,382 [Worker-12: Building] INFO  o.e.m.c.i.embedder.EclipseLogger - Using 'UTF-8' encoding to copy filtered resources.
2024-10-15 16:34:52,383 [Worker-12: Building] INFO  o.e.m.c.i.embedder.EclipseLogger - Using 'UTF-8' encoding to copy filtered properties files.
2024-10-15 16:34:52,383 [Worker-12: Building] INFO  o.e.m.c.i.embedder.EclipseLogger - skip non existing resourceDirectory F:\ARCHIVOS\INSTITUTO CIBERTEC CLASES\LENGUAJE DE PROGRAMACIÓN II\CLASES LPII\SESIÓN 10 LPII\LPII_Sesión_10 - Sol\LPII_Spring_Ventas\src\test\resources
2024-10-15 16:41:21,543 [Worker-7: Building] INFO  o.e.m.c.i.embedder.EclipseLogger - Using 'UTF-8' encoding to copy filtered resources.
2024-10-15 16:41:21,543 [Worker-7: Building] INFO  o.e.m.c.i.embedder.EclipseLogger - Using 'UTF-8' encoding to copy filtered properties files.
2024-10-15 16:41:21,544 [Worker-7: Building] INFO  o.e.m.c.i.embedder.EclipseLogger - Copying 1 resource
2024-10-15 16:41:21,550 [Worker-7: Building] INFO  o.e.m.c.i.embedder.EclipseLogger - Copying 15 resources
2024-10-15 16:41:21,555 [Worker-7: Building] INFO  o.e.m.c.i.embedder.EclipseLogger - Using 'UTF-8' encoding to copy filtered resources.
2024-10-15 16:41:21,556 [Worker-7: Building] INFO  o.e.m.c.i.embedder.EclipseLogger - Using 'UTF-8' encoding to copy filtered properties files.
2024-10-15 16:41:21,556 [Worker-7: Building] INFO  o.e.m.c.i.embedder.EclipseLogger - skip non existing resourceDirectory F:\ARCHIVOS\INSTITUTO CIBERTEC CLASES\LENGUAJE DE PROGRAMACIÓN II\CLASES LPII\SESIÓN 10 LPII\LPII_Sesión_10 - Sol\LPII_Spring_Ventas\src\test\resources
2024-10-16 10:22:23,528 [Worker-2: Loading available Gradle versions] INFO  o.e.b.c.i.u.g.PublishedGradleVersions - Gradle version information cache is out-of-date. Trying to update.
2024-10-16 10:22:30,918 [Worker-4: Building] INFO  o.e.m.c.i.embedder.EclipseLogger - Using 'UTF-8' encoding to copy filtered resources.
2024-10-16 10:22:30,918 [Worker-4: Building] INFO  o.e.m.c.i.embedder.EclipseLogger - Using 'UTF-8' encoding to copy filtered properties files.
2024-10-16 10:22:30,923 [Worker-4: Building] INFO  o.e.m.c.i.embedder.EclipseLogger - Copying 1 resource
2024-10-16 10:22:30,942 [Worker-4: Building] INFO  o.e.m.c.i.embedder.EclipseLogger - Copying 15 resources
2024-10-16 10:22:31,227 [Worker-4: Building] INFO  o.e.m.c.i.embedder.EclipseLogger - Using 'UTF-8' encoding to copy filtered resources.
2024-10-16 10:22:31,228 [Worker-4: Building] INFO  o.e.m.c.i.embedder.EclipseLogger - Using 'UTF-8' encoding to copy filtered properties files.
2024-10-16 10:22:31,228 [Worker-4: Building] INFO  o.e.m.c.i.embedder.EclipseLogger - skip non existing resourceDirectory E:\ARCHIVOS\INSTITUTO CIBERTEC CLASES\LENGUAJE DE PROGRAMACIÓN II\CLASES LPII\SESIÓN 10 LPII\LPII_Sesión_10 - Sol\LPII_Spring_Ventas\src\test\resources
2024-10-16 10:22:50,265 [Worker-1: Launching Executing clean in E__ARCHIVOS_INSTITUTO CIBERTEC CLASES_LENGUAJE DE PROGRAMACIÓN II_CLASES LPII_SESIÓN 10 LPII_LPII_Sesión_10 - Sol_LPII_Spring_Ventas] INFO  o.eclipse.m2e.core.internal.Bundles - getClasspathEntries(Bundle=org.eclipse.m2e.maven.runtime_3.9.700.20240602-2313 [359])
2024-10-16 10:22:50,267 [Worker-1: Launching Executing clean in E__ARCHIVOS_INSTITUTO CIBERTEC CLASES_LENGUAJE DE PROGRAMACIÓN II_CLASES LPII_SESIÓN 10 LPII_LPII_Sesión_10 - Sol_LPII_Spring_Ventas] INFO  o.eclipse.m2e.core.internal.Bundles - 	Entry: D:\SpringToolSuite4\plugins\org.eclipse.m2e.maven.runtime_3.9.700.20240602-2313
2024-10-16 10:22:50,268 [Worker-1: Launching Executing clean in E__ARCHIVOS_INSTITUTO CIBERTEC CLASES_LENGUAJE DE PROGRAMACIÓN II_CLASES LPII_SESIÓN 10 LPII_LPII_Sesión_10 - Sol_LPII_Spring_Ventas] INFO  o.eclipse.m2e.core.internal.Bundles - 	Entry: D:\SpringToolSuite4\plugins\org.eclipse.m2e.maven.runtime_3.9.700.20240602-2313\jars\aopalliance-1.0.jar
2024-10-16 10:22:50,268 [Worker-1: Launching Executing clean in E__ARCHIVOS_INSTITUTO CIBERTEC CLASES_LENGUAJE DE PROGRAMACIÓN II_CLASES LPII_SESIÓN 10 LPII_LPII_Sesión_10 - Sol_LPII_Spring_Ventas] INFO  o.eclipse.m2e.core.internal.Bundles - 	Entry: D:\SpringToolSuite4\plugins\org.eclipse.m2e.maven.runtime_3.9.700.20240602-2313\jars\guice-5.1.0.jar
2024-10-16 10:22:50,268 [Worker-1: Launching Executing clean in E__ARCHIVOS_INSTITUTO CIBERTEC CLASES_LENGUAJE DE PROGRAMACIÓN II_CLASES LPII_SESIÓN 10 LPII_LPII_Sesión_10 - Sol_LPII_Spring_Ventas] INFO  o.eclipse.m2e.core.internal.Bundles - 	Entry: D:\SpringToolSuite4\plugins\org.eclipse.m2e.maven.runtime_3.9.700.20240602-2313\jars\httpclient-4.5.14.jar
2024-10-16 10:22:50,268 [Worker-1: Launching Executing clean in E__ARCHIVOS_INSTITUTO CIBERTEC CLASES_LENGUAJE DE PROGRAMACIÓN II_CLASES LPII_SESIÓN 10 LPII_LPII_Sesión_10 - Sol_LPII_Spring_Ventas] INFO  o.eclipse.m2e.core.internal.Bundles - 	Entry: D:\SpringToolSuite4\plugins\org.eclipse.m2e.maven.runtime_3.9.700.20240602-2313\jars\httpcore-4.4.16.jar
2024-10-16 10:22:50,268 [Worker-1: Launching Executing clean in E__ARCHIVOS_INSTITUTO CIBERTEC CLASES_LENGUAJE DE PROGRAMACIÓN II_CLASES LPII_SESIÓN 10 LPII_LPII_Sesión_10 - Sol_LPII_Spring_Ventas] INFO  o.eclipse.m2e.core.internal.Bundles - 	Entry: D:\SpringToolSuite4\plugins\org.eclipse.m2e.maven.runtime_3.9.700.20240602-2313\jars\jansi-2.4.1.jar
2024-10-16 10:22:50,268 [Worker-1: Launching Executing clean in E__ARCHIVOS_INSTITUTO CIBERTEC CLASES_LENGUAJE DE PROGRAMACIÓN II_CLASES LPII_SESIÓN 10 LPII_LPII_Sesión_10 - Sol_LPII_Spring_Ventas] INFO  o.eclipse.m2e.core.internal.Bundles - 	Entry: D:\SpringToolSuite4\plugins\org.eclipse.m2e.maven.runtime_3.9.700.20240602-2313\jars\jcl-over-slf4j-1.7.36.jar
2024-10-16 10:22:50,268 [Worker-1: Launching Executing clean in E__ARCHIVOS_INSTITUTO CIBERTEC CLASES_LENGUAJE DE PROGRAMACIÓN II_CLASES LPII_SESIÓN 10 LPII_LPII_Sesión_10 - Sol_LPII_Spring_Ventas] INFO  o.eclipse.m2e.core.internal.Bundles - 	Entry: D:\SpringToolSuite4\plugins\org.eclipse.m2e.maven.runtime_3.9.700.20240602-2313\jars\maven-artifact-3.9.7.jar
2024-10-16 10:22:50,269 [Worker-1: Launching Executing clean in E__ARCHIVOS_INSTITUTO CIBERTEC CLASES_LENGUAJE DE PROGRAMACIÓN II_CLASES LPII_SESIÓN 10 LPII_LPII_Sesión_10 - Sol_LPII_Spring_Ventas] INFO  o.eclipse.m2e.core.internal.Bundles - 	Entry: D:\SpringToolSuite4\plugins\org.eclipse.m2e.maven.runtime_3.9.700.20240602-2313\jars\maven-builder-support-3.9.7.jar
2024-10-16 10:22:50,269 [Worker-1: Launching Executing clean in E__ARCHIVOS_INSTITUTO CIBERTEC CLASES_LENGUAJE DE PROGRAMACIÓN II_CLASES LPII_SESIÓN 10 LPII_LPII_Sesión_10 - Sol_LPII_Spring_Ventas] INFO  o.eclipse.m2e.core.internal.Bundles - 	Entry: D:\SpringToolSuite4\plugins\org.eclipse.m2e.maven.runtime_3.9.700.20240602-2313\jars\maven-compat-3.9.7.jar
2024-10-16 10:22:50,269 [Worker-1: Launching Executing clean in E__ARCHIVOS_INSTITUTO CIBERTEC CLASES_LENGUAJE DE PROGRAMACIÓN II_CLASES LPII_SESIÓN 10 LPII_LPII_Sesión_10 - Sol_LPII_Spring_Ventas] INFO  o.eclipse.m2e.core.internal.Bundles - 	Entry: D:\SpringToolSuite4\plugins\org.eclipse.m2e.maven.runtime_3.9.700.20240602-2313\jars\maven-core-3.9.7.jar
2024-10-16 10:22:50,269 [Worker-1: Launching Executing clean in E__ARCHIVOS_INSTITUTO CIBERTEC CLASES_LENGUAJE DE PROGRAMACIÓN II_CLASES LPII_SESIÓN 10 LPII_LPII_Sesión_10 - Sol_LPII_Spring_Ventas] INFO  o.eclipse.m2e.core.internal.Bundles - 	Entry: D:\SpringToolSuite4\plugins\org.eclipse.m2e.maven.runtime_3.9.700.20240602-2313\jars\maven-embedder-3.9.7.jar
2024-10-16 10:22:50,269 [Worker-1: Launching Executing clean in E__ARCHIVOS_INSTITUTO CIBERTEC CLASES_LENGUAJE DE PROGRAMACIÓN II_CLASES LPII_SESIÓN 10 LPII_LPII_Sesión_10 - Sol_LPII_Spring_Ventas] INFO  o.eclipse.m2e.core.internal.Bundles - 	Entry: D:\SpringToolSuite4\plugins\org.eclipse.m2e.maven.runtime_3.9.700.20240602-2313\jars\maven-model-3.9.7.jar
2024-10-16 10:22:50,269 [Worker-1: Launching Executing clean in E__ARCHIVOS_INSTITUTO CIBERTEC CLASES_LENGUAJE DE PROGRAMACIÓN II_CLASES LPII_SESIÓN 10 LPII_LPII_Sesión_10 - Sol_LPII_Spring_Ventas] INFO  o.eclipse.m2e.core.internal.Bundles - 	Entry: D:\SpringToolSuite4\plugins\org.eclipse.m2e.maven.runtime_3.9.700.20240602-2313\jars\maven-model-builder-3.9.7.jar
2024-10-16 10:22:50,269 [Worker-1: Launching Executing clean in E__ARCHIVOS_INSTITUTO CIBERTEC CLASES_LENGUAJE DE PROGRAMACIÓN II_CLASES LPII_SESIÓN 10 LPII_LPII_Sesión_10 - Sol_LPII_Spring_Ventas] INFO  o.eclipse.m2e.core.internal.Bundles - 	Entry: D:\SpringToolSuite4\plugins\org.eclipse.m2e.maven.runtime_3.9.700.20240602-2313\jars\maven-plugin-api-3.9.7.jar
2024-10-16 10:22:50,269 [Worker-1: Launching Executing clean in E__ARCHIVOS_INSTITUTO CIBERTEC CLASES_LENGUAJE DE PROGRAMACIÓN II_CLASES LPII_SESIÓN 10 LPII_LPII_Sesión_10 - Sol_LPII_Spring_Ventas] INFO  o.eclipse.m2e.core.internal.Bundles - 	Entry: D:\SpringToolSuite4\plugins\org.eclipse.m2e.maven.runtime_3.9.700.20240602-2313\jars\maven-repository-metadata-3.9.7.jar
2024-10-16 10:22:50,269 [Worker-1: Launching Executing clean in E__ARCHIVOS_INSTITUTO CIBERTEC CLASES_LENGUAJE DE PROGRAMACIÓN II_CLASES LPII_SESIÓN 10 LPII_LPII_Sesión_10 - Sol_LPII_Spring_Ventas] INFO  o.eclipse.m2e.core.internal.Bundles - 	Entry: D:\SpringToolSuite4\plugins\org.eclipse.m2e.maven.runtime_3.9.700.20240602-2313\jars\maven-resolver-api-1.9.20.jar
2024-10-16 10:22:50,269 [Worker-1: Launching Executing clean in E__ARCHIVOS_INSTITUTO CIBERTEC CLASES_LENGUAJE DE PROGRAMACIÓN II_CLASES LPII_SESIÓN 10 LPII_LPII_Sesión_10 - Sol_LPII_Spring_Ventas] INFO  o.eclipse.m2e.core.internal.Bundles - 	Entry: D:\SpringToolSuite4\plugins\org.eclipse.m2e.maven.runtime_3.9.700.20240602-2313\jars\maven-resolver-connector-basic-1.9.20.jar
2024-10-16 10:22:50,269 [Worker-1: Launching Executing clean in E__ARCHIVOS_INSTITUTO CIBERTEC CLASES_LENGUAJE DE PROGRAMACIÓN II_CLASES LPII_SESIÓN 10 LPII_LPII_Sesión_10 - Sol_LPII_Spring_Ventas] INFO  o.eclipse.m2e.core.internal.Bundles - 	Entry: D:\SpringToolSuite4\plugins\org.eclipse.m2e.maven.runtime_3.9.700.20240602-2313\jars\maven-resolver-impl-1.9.20.jar
2024-10-16 10:22:50,269 [Worker-1: Launching Executing clean in E__ARCHIVOS_INSTITUTO CIBERTEC CLASES_LENGUAJE DE PROGRAMACIÓN II_CLASES LPII_SESIÓN 10 LPII_LPII_Sesión_10 - Sol_LPII_Spring_Ventas] INFO  o.eclipse.m2e.core.internal.Bundles - 	Entry: D:\SpringToolSuite4\plugins\org.eclipse.m2e.maven.runtime_3.9.700.20240602-2313\jars\maven-resolver-named-locks-1.9.20.jar
2024-10-16 10:22:50,270 [Worker-1: Launching Executing clean in E__ARCHIVOS_INSTITUTO CIBERTEC CLASES_LENGUAJE DE PROGRAMACIÓN II_CLASES LPII_SESIÓN 10 LPII_LPII_Sesión_10 - Sol_LPII_Spring_Ventas] INFO  o.eclipse.m2e.core.internal.Bundles - 	Entry: D:\SpringToolSuite4\plugins\org.eclipse.m2e.maven.runtime_3.9.700.20240602-2313\jars\maven-resolver-provider-3.9.7.jar
2024-10-16 10:22:50,270 [Worker-1: Launching Executing clean in E__ARCHIVOS_INSTITUTO CIBERTEC CLASES_LENGUAJE DE PROGRAMACIÓN II_CLASES LPII_SESIÓN 10 LPII_LPII_Sesión_10 - Sol_LPII_Spring_Ventas] INFO  o.eclipse.m2e.core.internal.Bundles - 	Entry: D:\SpringToolSuite4\plugins\org.eclipse.m2e.maven.runtime_3.9.700.20240602-2313\jars\maven-resolver-spi-1.9.20.jar
2024-10-16 10:22:50,270 [Worker-1: Launching Executing clean in E__ARCHIVOS_INSTITUTO CIBERTEC CLASES_LENGUAJE DE PROGRAMACIÓN II_CLASES LPII_SESIÓN 10 LPII_LPII_Sesión_10 - Sol_LPII_Spring_Ventas] INFO  o.eclipse.m2e.core.internal.Bundles - 	Entry: D:\SpringToolSuite4\plugins\org.eclipse.m2e.maven.runtime_3.9.700.20240602-2313\jars\maven-resolver-transport-file-1.9.20.jar
2024-10-16 10:22:50,270 [Worker-1: Launching Executing clean in E__ARCHIVOS_INSTITUTO CIBERTEC CLASES_LENGUAJE DE PROGRAMACIÓN II_CLASES LPII_SESIÓN 10 LPII_LPII_Sesión_10 - Sol_LPII_Spring_Ventas] INFO  o.eclipse.m2e.core.internal.Bundles - 	Entry: D:\SpringToolSuite4\plugins\org.eclipse.m2e.maven.runtime_3.9.700.20240602-2313\jars\maven-resolver-transport-http-1.9.20.jar
2024-10-16 10:22:50,270 [Worker-1: Launching Executing clean in E__ARCHIVOS_INSTITUTO CIBERTEC CLASES_LENGUAJE DE PROGRAMACIÓN II_CLASES LPII_SESIÓN 10 LPII_LPII_Sesión_10 - Sol_LPII_Spring_Ventas] INFO  o.eclipse.m2e.core.internal.Bundles - 	Entry: D:\SpringToolSuite4\plugins\org.eclipse.m2e.maven.runtime_3.9.700.20240602-2313\jars\maven-resolver-transport-wagon-1.9.20.jar
2024-10-16 10:22:50,270 [Worker-1: Launching Executing clean in E__ARCHIVOS_INSTITUTO CIBERTEC CLASES_LENGUAJE DE PROGRAMACIÓN II_CLASES LPII_SESIÓN 10 LPII_LPII_Sesión_10 - Sol_LPII_Spring_Ventas] INFO  o.eclipse.m2e.core.internal.Bundles - 	Entry: D:\SpringToolSuite4\plugins\org.eclipse.m2e.maven.runtime_3.9.700.20240602-2313\jars\maven-resolver-util-1.9.20.jar
2024-10-16 10:22:50,270 [Worker-1: Launching Executing clean in E__ARCHIVOS_INSTITUTO CIBERTEC CLASES_LENGUAJE DE PROGRAMACIÓN II_CLASES LPII_SESIÓN 10 LPII_LPII_Sesión_10 - Sol_LPII_Spring_Ventas] INFO  o.eclipse.m2e.core.internal.Bundles - 	Entry: D:\SpringToolSuite4\plugins\org.eclipse.m2e.maven.runtime_3.9.700.20240602-2313\jars\maven-settings-3.9.7.jar
2024-10-16 10:22:50,270 [Worker-1: Launching Executing clean in E__ARCHIVOS_INSTITUTO CIBERTEC CLASES_LENGUAJE DE PROGRAMACIÓN II_CLASES LPII_SESIÓN 10 LPII_LPII_Sesión_10 - Sol_LPII_Spring_Ventas] INFO  o.eclipse.m2e.core.internal.Bundles - 	Entry: D:\SpringToolSuite4\plugins\org.eclipse.m2e.maven.runtime_3.9.700.20240602-2313\jars\maven-settings-builder-3.9.7.jar
2024-10-16 10:22:50,270 [Worker-1: Launching Executing clean in E__ARCHIVOS_INSTITUTO CIBERTEC CLASES_LENGUAJE DE PROGRAMACIÓN II_CLASES LPII_SESIÓN 10 LPII_LPII_Sesión_10 - Sol_LPII_Spring_Ventas] INFO  o.eclipse.m2e.core.internal.Bundles - 	Entry: D:\SpringToolSuite4\plugins\org.eclipse.m2e.maven.runtime_3.9.700.20240602-2313\jars\maven-shared-utils-3.4.2.jar
2024-10-16 10:22:50,270 [Worker-1: Launching Executing clean in E__ARCHIVOS_INSTITUTO CIBERTEC CLASES_LENGUAJE DE PROGRAMACIÓN II_CLASES LPII_SESIÓN 10 LPII_LPII_Sesión_10 - Sol_LPII_Spring_Ventas] INFO  o.eclipse.m2e.core.internal.Bundles - 	Entry: D:\SpringToolSuite4\plugins\org.eclipse.m2e.maven.runtime_3.9.700.20240602-2313\jars\org.eclipse.sisu.inject-0.9.0.M2.jar
2024-10-16 10:22:50,270 [Worker-1: Launching Executing clean in E__ARCHIVOS_INSTITUTO CIBERTEC CLASES_LENGUAJE DE PROGRAMACIÓN II_CLASES LPII_SESIÓN 10 LPII_LPII_Sesión_10 - Sol_LPII_Spring_Ventas] INFO  o.eclipse.m2e.core.internal.Bundles - 	Entry: D:\SpringToolSuite4\plugins\org.eclipse.m2e.maven.runtime_3.9.700.20240602-2313\jars\org.eclipse.sisu.plexus-0.9.0.M2.jar
2024-10-16 10:22:50,270 [Worker-1: Launching Executing clean in E__ARCHIVOS_INSTITUTO CIBERTEC CLASES_LENGUAJE DE PROGRAMACIÓN II_CLASES LPII_SESIÓN 10 LPII_LPII_Sesión_10 - Sol_LPII_Spring_Ventas] INFO  o.eclipse.m2e.core.internal.Bundles - 	Entry: D:\SpringToolSuite4\plugins\org.eclipse.m2e.maven.runtime_3.9.700.20240602-2313\jars\plexus-build-api-0.0.7.jar
2024-10-16 10:22:50,270 [Worker-1: Launching Executing clean in E__ARCHIVOS_INSTITUTO CIBERTEC CLASES_LENGUAJE DE PROGRAMACIÓN II_CLASES LPII_SESIÓN 10 LPII_LPII_Sesión_10 - Sol_LPII_Spring_Ventas] INFO  o.eclipse.m2e.core.internal.Bundles - 	Entry: D:\SpringToolSuite4\plugins\org.eclipse.m2e.maven.runtime_3.9.700.20240602-2313\jars\plexus-build-api-1.2.0.jar
2024-10-16 10:22:50,271 [Worker-1: Launching Executing clean in E__ARCHIVOS_INSTITUTO CIBERTEC CLASES_LENGUAJE DE PROGRAMACIÓN II_CLASES LPII_SESIÓN 10 LPII_LPII_Sesión_10 - Sol_LPII_Spring_Ventas] INFO  o.eclipse.m2e.core.internal.Bundles - 	Entry: D:\SpringToolSuite4\plugins\org.eclipse.m2e.maven.runtime_3.9.700.20240602-2313\jars\plexus-cipher-2.0.jar
2024-10-16 10:22:50,271 [Worker-1: Launching Executing clean in E__ARCHIVOS_INSTITUTO CIBERTEC CLASES_LENGUAJE DE PROGRAMACIÓN II_CLASES LPII_SESIÓN 10 LPII_LPII_Sesión_10 - Sol_LPII_Spring_Ventas] INFO  o.eclipse.m2e.core.internal.Bundles - 	Entry: D:\SpringToolSuite4\plugins\org.eclipse.m2e.maven.runtime_3.9.700.20240602-2313\jars\plexus-classworlds-2.8.0.jar
2024-10-16 10:22:50,271 [Worker-1: Launching Executing clean in E__ARCHIVOS_INSTITUTO CIBERTEC CLASES_LENGUAJE DE PROGRAMACIÓN II_CLASES LPII_SESIÓN 10 LPII_LPII_Sesión_10 - Sol_LPII_Spring_Ventas] INFO  o.eclipse.m2e.core.internal.Bundles - 	Entry: D:\SpringToolSuite4\plugins\org.eclipse.m2e.maven.runtime_3.9.700.20240602-2313\jars\plexus-component-annotations-2.1.0.jar
2024-10-16 10:22:50,271 [Worker-1: Launching Executing clean in E__ARCHIVOS_INSTITUTO CIBERTEC CLASES_LENGUAJE DE PROGRAMACIÓN II_CLASES LPII_SESIÓN 10 LPII_LPII_Sesión_10 - Sol_LPII_Spring_Ventas] INFO  o.eclipse.m2e.core.internal.Bundles - 	Entry: D:\SpringToolSuite4\plugins\org.eclipse.m2e.maven.runtime_3.9.700.20240602-2313\jars\plexus-interpolation-1.27.jar
2024-10-16 10:22:50,271 [Worker-1: Launching Executing clean in E__ARCHIVOS_INSTITUTO CIBERTEC CLASES_LENGUAJE DE PROGRAMACIÓN II_CLASES LPII_SESIÓN 10 LPII_LPII_Sesión_10 - Sol_LPII_Spring_Ventas] INFO  o.eclipse.m2e.core.internal.Bundles - 	Entry: D:\SpringToolSuite4\plugins\org.eclipse.m2e.maven.runtime_3.9.700.20240602-2313\jars\plexus-sec-dispatcher-2.0.jar
2024-10-16 10:22:50,271 [Worker-1: Launching Executing clean in E__ARCHIVOS_INSTITUTO CIBERTEC CLASES_LENGUAJE DE PROGRAMACIÓN II_CLASES LPII_SESIÓN 10 LPII_LPII_Sesión_10 - Sol_LPII_Spring_Ventas] INFO  o.eclipse.m2e.core.internal.Bundles - 	Entry: D:\SpringToolSuite4\plugins\org.eclipse.m2e.maven.runtime_3.9.700.20240602-2313\jars\plexus-utils-3.5.1.jar
2024-10-16 10:22:50,271 [Worker-1: Launching Executing clean in E__ARCHIVOS_INSTITUTO CIBERTEC CLASES_LENGUAJE DE PROGRAMACIÓN II_CLASES LPII_SESIÓN 10 LPII_LPII_Sesión_10 - Sol_LPII_Spring_Ventas] INFO  o.eclipse.m2e.core.internal.Bundles - 	Entry: D:\SpringToolSuite4\plugins\org.eclipse.m2e.maven.runtime_3.9.700.20240602-2313\jars\wagon-file-3.5.3.jar
2024-10-16 10:22:50,271 [Worker-1: Launching Executing clean in E__ARCHIVOS_INSTITUTO CIBERTEC CLASES_LENGUAJE DE PROGRAMACIÓN II_CLASES LPII_SESIÓN 10 LPII_LPII_Sesión_10 - Sol_LPII_Spring_Ventas] INFO  o.eclipse.m2e.core.internal.Bundles - 	Entry: D:\SpringToolSuite4\plugins\org.eclipse.m2e.maven.runtime_3.9.700.20240602-2313\jars\wagon-http-3.5.3.jar
2024-10-16 10:22:50,271 [Worker-1: Launching Executing clean in E__ARCHIVOS_INSTITUTO CIBERTEC CLASES_LENGUAJE DE PROGRAMACIÓN II_CLASES LPII_SESIÓN 10 LPII_LPII_Sesión_10 - Sol_LPII_Spring_Ventas] INFO  o.eclipse.m2e.core.internal.Bundles - 	Entry: D:\SpringToolSuite4\plugins\org.eclipse.m2e.maven.runtime_3.9.700.20240602-2313\jars\wagon-http-shared-3.5.3.jar
2024-10-16 10:22:50,271 [Worker-1: Launching Executing clean in E__ARCHIVOS_INSTITUTO CIBERTEC CLASES_LENGUAJE DE PROGRAMACIÓN II_CLASES LPII_SESIÓN 10 LPII_LPII_Sesión_10 - Sol_LPII_Spring_Ventas] INFO  o.eclipse.m2e.core.internal.Bundles - 	Entry: D:\SpringToolSuite4\plugins\org.eclipse.m2e.maven.runtime_3.9.700.20240602-2313\jars\wagon-provider-api-3.5.3.jar
2024-10-16 10:22:50,273 [Worker-1: Launching Executing clean in E__ARCHIVOS_INSTITUTO CIBERTEC CLASES_LENGUAJE DE PROGRAMACIÓN II_CLASES LPII_SESIÓN 10 LPII_LPII_Sesión_10 - Sol_LPII_Spring_Ventas] INFO  o.eclipse.m2e.core.internal.Bundles - getClasspathEntries(Bundle=com.google.guava_33.2.0.jre [29])
2024-10-16 10:22:50,273 [Worker-1: Launching Executing clean in E__ARCHIVOS_INSTITUTO CIBERTEC CLASES_LENGUAJE DE PROGRAMACIÓN II_CLASES LPII_SESIÓN 10 LPII_LPII_Sesión_10 - Sol_LPII_Spring_Ventas] INFO  o.eclipse.m2e.core.internal.Bundles - 	Entry: D:\SpringToolSuite4\plugins\com.google.guava_33.2.0.jre.jar
2024-10-16 10:22:50,273 [Worker-1: Launching Executing clean in E__ARCHIVOS_INSTITUTO CIBERTEC CLASES_LENGUAJE DE PROGRAMACIÓN II_CLASES LPII_SESIÓN 10 LPII_LPII_Sesión_10 - Sol_LPII_Spring_Ventas] INFO  o.eclipse.m2e.core.internal.Bundles - getClasspathEntries(Bundle=slf4j.api_2.0.13 [590])
2024-10-16 10:22:50,273 [Worker-1: Launching Executing clean in E__ARCHIVOS_INSTITUTO CIBERTEC CLASES_LENGUAJE DE PROGRAMACIÓN II_CLASES LPII_SESIÓN 10 LPII_LPII_Sesión_10 - Sol_LPII_Spring_Ventas] INFO  o.eclipse.m2e.core.internal.Bundles - 	Entry: D:\SpringToolSuite4\plugins\slf4j.api_2.0.13.jar
2024-10-16 10:22:50,274 [Worker-1: Launching Executing clean in E__ARCHIVOS_INSTITUTO CIBERTEC CLASES_LENGUAJE DE PROGRAMACIÓN II_CLASES LPII_SESIÓN 10 LPII_LPII_Sesión_10 - Sol_LPII_Spring_Ventas] INFO  o.eclipse.m2e.core.internal.Bundles - getClasspathEntries(Bundle=jakarta.inject.jakarta.inject-api_1.0.5 [44])
2024-10-16 10:22:50,274 [Worker-1: Launching Executing clean in E__ARCHIVOS_INSTITUTO CIBERTEC CLASES_LENGUAJE DE PROGRAMACIÓN II_CLASES LPII_SESIÓN 10 LPII_LPII_Sesión_10 - Sol_LPII_Spring_Ventas] INFO  o.eclipse.m2e.core.internal.Bundles - 	Entry: D:\SpringToolSuite4\plugins\jakarta.inject.jakarta.inject-api_1.0.5.jar
2024-10-16 10:22:50,274 [Worker-1: Launching Executing clean in E__ARCHIVOS_INSTITUTO CIBERTEC CLASES_LENGUAJE DE PROGRAMACIÓN II_CLASES LPII_SESIÓN 10 LPII_LPII_Sesión_10 - Sol_LPII_Spring_Ventas] INFO  o.eclipse.m2e.core.internal.Bundles - getClasspathEntries(Bundle=javax.annotation_1.3.5.v20200909-1856 [53])
2024-10-16 10:22:50,274 [Worker-1: Launching Executing clean in E__ARCHIVOS_INSTITUTO CIBERTEC CLASES_LENGUAJE DE PROGRAMACIÓN II_CLASES LPII_SESIÓN 10 LPII_LPII_Sesión_10 - Sol_LPII_Spring_Ventas] INFO  o.eclipse.m2e.core.internal.Bundles - 	Entry: D:\SpringToolSuite4\plugins\javax.annotation_1.3.5.v20200909-1856.jar
2024-10-16 10:22:50,274 [Worker-1: Launching Executing clean in E__ARCHIVOS_INSTITUTO CIBERTEC CLASES_LENGUAJE DE PROGRAMACIÓN II_CLASES LPII_SESIÓN 10 LPII_LPII_Sesión_10 - Sol_LPII_Spring_Ventas] INFO  o.eclipse.m2e.core.internal.Bundles - getClasspathEntries(Bundle=org.apache.commons.cli_1.8.0 [76])
2024-10-16 10:22:50,274 [Worker-1: Launching Executing clean in E__ARCHIVOS_INSTITUTO CIBERTEC CLASES_LENGUAJE DE PROGRAMACIÓN II_CLASES LPII_SESIÓN 10 LPII_LPII_Sesión_10 - Sol_LPII_Spring_Ventas] INFO  o.eclipse.m2e.core.internal.Bundles - 	Entry: D:\SpringToolSuite4\plugins\org.apache.commons.cli_1.8.0.jar
2024-10-16 10:22:50,274 [Worker-1: Launching Executing clean in E__ARCHIVOS_INSTITUTO CIBERTEC CLASES_LENGUAJE DE PROGRAMACIÓN II_CLASES LPII_SESIÓN 10 LPII_LPII_Sesión_10 - Sol_LPII_Spring_Ventas] INFO  o.eclipse.m2e.core.internal.Bundles - getClasspathEntries(Bundle=org.apache.commons.commons-codec_1.16.0 [78])
2024-10-16 10:22:50,274 [Worker-1: Launching Executing clean in E__ARCHIVOS_INSTITUTO CIBERTEC CLASES_LENGUAJE DE PROGRAMACIÓN II_CLASES LPII_SESIÓN 10 LPII_LPII_Sesión_10 - Sol_LPII_Spring_Ventas] INFO  o.eclipse.m2e.core.internal.Bundles - 	Entry: D:\SpringToolSuite4\plugins\org.apache.commons.commons-codec_1.16.0.jar
2024-10-16 10:22:50,274 [Worker-1: Launching Executing clean in E__ARCHIVOS_INSTITUTO CIBERTEC CLASES_LENGUAJE DE PROGRAMACIÓN II_CLASES LPII_SESIÓN 10 LPII_LPII_Sesión_10 - Sol_LPII_Spring_Ventas] INFO  o.eclipse.m2e.core.internal.Bundles - getClasspathEntries(Bundle=org.apache.commons.lang3_3.14.0 [82])
2024-10-16 10:22:50,275 [Worker-1: Launching Executing clean in E__ARCHIVOS_INSTITUTO CIBERTEC CLASES_LENGUAJE DE PROGRAMACIÓN II_CLASES LPII_SESIÓN 10 LPII_LPII_Sesión_10 - Sol_LPII_Spring_Ventas] INFO  o.eclipse.m2e.core.internal.Bundles - 	Entry: D:\SpringToolSuite4\plugins\org.apache.commons.lang3_3.14.0.jar
2024-10-16 10:22:50,275 [Worker-1: Launching Executing clean in E__ARCHIVOS_INSTITUTO CIBERTEC CLASES_LENGUAJE DE PROGRAMACIÓN II_CLASES LPII_SESIÓN 10 LPII_LPII_Sesión_10 - Sol_LPII_Spring_Ventas] INFO  o.eclipse.m2e.core.internal.Bundles - getClasspathEntries(Bundle=com.google.guava.failureaccess_1.0.2 [30])
2024-10-16 10:22:50,275 [Worker-1: Launching Executing clean in E__ARCHIVOS_INSTITUTO CIBERTEC CLASES_LENGUAJE DE PROGRAMACIÓN II_CLASES LPII_SESIÓN 10 LPII_LPII_Sesión_10 - Sol_LPII_Spring_Ventas] INFO  o.eclipse.m2e.core.internal.Bundles - 	Entry: D:\SpringToolSuite4\plugins\com.google.guava.failureaccess_1.0.2.jar
2024-10-16 10:22:50,284 [Worker-1: Launching Executing clean in E__ARCHIVOS_INSTITUTO CIBERTEC CLASES_LENGUAJE DE PROGRAMACIÓN II_CLASES LPII_SESIÓN 10 LPII_LPII_Sesión_10 - Sol_LPII_Spring_Ventas] INFO  o.e.m.i.launch.MavenLaunchDelegate - Run build in "E:\ARCHIVOS\INSTITUTO CIBERTEC CLASES\LENGUAJE DE PROGRAMACIÓN II\CLASES LPII\SESIÓN 10 LPII\LPII_Sesión_10 - Sol\LPII_Spring_Ventas":
2024-10-16 10:22:50,287 [Worker-1: Launching Executing clean in E__ARCHIVOS_INSTITUTO CIBERTEC CLASES_LENGUAJE DE PROGRAMACIÓN II_CLASES LPII_SESIÓN 10 LPII_LPII_Sesión_10 - Sol_LPII_Spring_Ventas] INFO  o.e.m.i.launch.MavenLaunchDelegate -  mvn  -Ppom.xml -B -Dstyle.color=always clean
2024-10-16 10:22:53,803 [Worker-2: Building] INFO  o.e.m.c.i.embedder.EclipseLogger - Using 'UTF-8' encoding to copy filtered resources.
2024-10-16 10:22:53,803 [Worker-2: Building] INFO  o.e.m.c.i.embedder.EclipseLogger - Using 'UTF-8' encoding to copy filtered properties files.
2024-10-16 10:22:53,804 [Worker-2: Building] INFO  o.e.m.c.i.embedder.EclipseLogger - Copying 1 resource
2024-10-16 10:22:53,807 [Worker-2: Building] INFO  o.e.m.c.i.embedder.EclipseLogger - Copying 15 resources
2024-10-16 10:22:53,873 [Worker-2: Building] INFO  o.e.m.c.i.embedder.EclipseLogger - Using 'UTF-8' encoding to copy filtered resources.
2024-10-16 10:22:53,873 [Worker-2: Building] INFO  o.e.m.c.i.embedder.EclipseLogger - Using 'UTF-8' encoding to copy filtered properties files.
2024-10-16 10:22:53,873 [Worker-2: Building] INFO  o.e.m.c.i.embedder.EclipseLogger - skip non existing resourceDirectory E:\ARCHIVOS\INSTITUTO CIBERTEC CLASES\LENGUAJE DE PROGRAMACIÓN II\CLASES LPII\SESIÓN 10 LPII\LPII_Sesión_10 - Sol\LPII_Spring_Ventas\src\test\resources
2024-10-16 10:22:53,876 [Worker-2: Building] INFO  o.e.m.w.i.f.ResourceFilteringBuildParticipant - Changed resources require a complete clean of filtered resources of LPII_Spring_Ventas
2024-10-16 10:22:53,876 [Worker-2: Building] INFO  o.e.m.w.i.f.ResourceFilteringBuildParticipant - Executing resource filtering for LPII_Spring_Ventas
2024-10-16 10:23:06,619 [Worker-8: Updating Maven Project] INFO  o.e.m.c.i.p.ProjectConfigurationManager - Update started
2024-10-16 10:23:07,851 [Worker-8: Updating Maven Project] INFO  o.e.m.c.i.l.LifecycleMappingFactory - Using org.maven.ide.eclipse.wtp.WarLifecycleMapping lifecycle mapping for MavenProject: com.cibertec.app:LPII_Spring_Ventas:0.0.1-SNAPSHOT @ E:\ARCHIVOS\INSTITUTO CIBERTEC CLASES\LENGUAJE DE PROGRAMACIÓN II\CLASES LPII\SESIÓN 10 LPII\LPII_Sesión_10 - Sol\LPII_Spring_Ventas\pom.xml.
2024-10-16 10:23:09,068 [Worker-8: Updating Maven Project] INFO  o.e.m.j.i.AbstractJavaProjectConfigurator - Adding source folder /LPII_Spring_Ventas/src/main/java
2024-10-16 10:23:09,071 [Worker-8: Updating Maven Project] INFO  o.e.m.j.i.AbstractJavaProjectConfigurator - Adding resource folder /LPII_Spring_Ventas/src/main/resources
2024-10-16 10:23:09,073 [Worker-8: Updating Maven Project] INFO  o.e.m.j.i.AbstractJavaProjectConfigurator - Adding resource folder /LPII_Spring_Ventas/src/main/resources
2024-10-16 10:23:09,073 [Worker-8: Updating Maven Project] INFO  o.e.m.j.i.AbstractJavaProjectConfigurator - Adding source folder /LPII_Spring_Ventas/src/test/java
2024-10-16 10:23:09,075 [Worker-8: Updating Maven Project] INFO  o.e.m.j.i.AbstractJavaProjectConfigurator - Adding resource folder /LPII_Spring_Ventas/src/test/resources
2024-10-16 10:23:10,454 [Worker-8: Updating Maven Project] INFO  o.e.m.w.i.f.ResourceFilteringBuildParticipant - Cleaning filtered folder for LPII_Spring_Ventas
2024-10-16 10:23:10,485 [Worker-8: Updating Maven Project] INFO  o.e.m.c.i.p.ProjectConfigurationManager - Update completed for 1 poms: local refresh takes 0.00 sec, refresh facades takes 2.00 sec, update config takes 1.00 sec 
2024-10-16 10:23:11,733 [Worker-8: Building] INFO  o.e.m.c.i.embedder.EclipseLogger - Using 'UTF-8' encoding to copy filtered resources.
2024-10-16 10:23:11,733 [Worker-8: Building] INFO  o.e.m.c.i.embedder.EclipseLogger - Using 'UTF-8' encoding to copy filtered properties files.
2024-10-16 10:23:11,733 [Worker-8: Building] INFO  o.e.m.c.i.embedder.EclipseLogger - Copying 1 resource
2024-10-16 10:23:11,764 [Worker-8: Building] INFO  o.e.m.c.i.embedder.EclipseLogger - Copying 15 resources
2024-10-16 10:23:11,961 [Worker-8: Building] INFO  o.e.m.c.i.embedder.EclipseLogger - Using 'UTF-8' encoding to copy filtered resources.
2024-10-16 10:23:11,962 [Worker-8: Building] INFO  o.e.m.c.i.embedder.EclipseLogger - Using 'UTF-8' encoding to copy filtered properties files.
2024-10-16 10:23:11,962 [Worker-8: Building] INFO  o.e.m.c.i.embedder.EclipseLogger - skip non existing resourceDirectory E:\ARCHIVOS\INSTITUTO CIBERTEC CLASES\LENGUAJE DE PROGRAMACIÓN II\CLASES LPII\SESIÓN 10 LPII\LPII_Sesión_10 - Sol\LPII_Spring_Ventas\src\test\resources
2024-10-16 10:23:11,962 [Worker-8: Building] INFO  o.e.m.w.i.f.ResourceFilteringBuildParticipant - Changed resources require a complete clean of filtered resources of LPII_Spring_Ventas
2024-10-16 10:23:11,962 [Worker-8: Building] INFO  o.e.m.w.i.f.ResourceFilteringBuildParticipant - Executing resource filtering for LPII_Spring_Ventas
2024-10-16 10:36:57,486 [Worker-7: Building] INFO  o.e.m.c.i.embedder.EclipseLogger - Using 'UTF-8' encoding to copy filtered resources.
2024-10-16 10:36:57,487 [Worker-7: Building] INFO  o.e.m.c.i.embedder.EclipseLogger - Using 'UTF-8' encoding to copy filtered properties files.
2024-10-16 10:36:57,490 [Worker-7: Building] INFO  o.e.m.c.i.embedder.EclipseLogger - Copying 1 resource
2024-10-16 10:36:57,496 [Worker-7: Building] INFO  o.e.m.c.i.embedder.EclipseLogger - Copying 15 resources
2024-10-16 10:36:57,505 [Worker-7: Building] INFO  o.e.m.c.i.embedder.EclipseLogger - Using 'UTF-8' encoding to copy filtered resources.
2024-10-16 10:36:57,506 [Worker-7: Building] INFO  o.e.m.c.i.embedder.EclipseLogger - Using 'UTF-8' encoding to copy filtered properties files.
2024-10-16 10:36:57,506 [Worker-7: Building] INFO  o.e.m.c.i.embedder.EclipseLogger - skip non existing resourceDirectory E:\ARCHIVOS\INSTITUTO CIBERTEC CLASES\LENGUAJE DE PROGRAMACIÓN II\CLASES LPII\SESIÓN 10 LPII\LPII_Sesión_10 - Sol\LPII_Spring_Ventas\src\test\resources
2024-10-16 10:40:30,915 [Worker-3: Building] INFO  o.e.m.c.i.embedder.EclipseLogger - Using 'UTF-8' encoding to copy filtered resources.
2024-10-16 10:40:30,916 [Worker-3: Building] INFO  o.e.m.c.i.embedder.EclipseLogger - Using 'UTF-8' encoding to copy filtered properties files.
2024-10-16 10:40:30,917 [Worker-3: Building] INFO  o.e.m.c.i.embedder.EclipseLogger - Copying 1 resource
2024-10-16 10:40:30,923 [Worker-3: Building] INFO  o.e.m.c.i.embedder.EclipseLogger - Copying 15 resources
2024-10-16 10:40:30,933 [Worker-3: Building] INFO  o.e.m.c.i.embedder.EclipseLogger - Using 'UTF-8' encoding to copy filtered resources.
2024-10-16 10:40:30,933 [Worker-3: Building] INFO  o.e.m.c.i.embedder.EclipseLogger - Using 'UTF-8' encoding to copy filtered properties files.
2024-10-16 10:40:30,933 [Worker-3: Building] INFO  o.e.m.c.i.embedder.EclipseLogger - skip non existing resourceDirectory E:\ARCHIVOS\INSTITUTO CIBERTEC CLASES\LENGUAJE DE PROGRAMACIÓN II\CLASES LPII\SESIÓN 10 LPII\LPII_Sesión_10 - Sol\LPII_Spring_Ventas\src\test\resources
2024-10-16 10:46:39,339 [Worker-7: Building] INFO  o.e.m.c.i.embedder.EclipseLogger - Using 'UTF-8' encoding to copy filtered resources.
2024-10-16 10:46:39,339 [Worker-7: Building] INFO  o.e.m.c.i.embedder.EclipseLogger - Using 'UTF-8' encoding to copy filtered properties files.
2024-10-16 10:46:39,341 [Worker-7: Building] INFO  o.e.m.c.i.embedder.EclipseLogger - Copying 1 resource
2024-10-16 10:46:39,345 [Worker-7: Building] INFO  o.e.m.c.i.embedder.EclipseLogger - Copying 15 resources
2024-10-16 10:46:39,352 [Worker-7: Building] INFO  o.e.m.c.i.embedder.EclipseLogger - Using 'UTF-8' encoding to copy filtered resources.
2024-10-16 10:46:39,353 [Worker-7: Building] INFO  o.e.m.c.i.embedder.EclipseLogger - Using 'UTF-8' encoding to copy filtered properties files.
2024-10-16 10:46:39,353 [Worker-7: Building] INFO  o.e.m.c.i.embedder.EclipseLogger - skip non existing resourceDirectory E:\ARCHIVOS\INSTITUTO CIBERTEC CLASES\LENGUAJE DE PROGRAMACIÓN II\CLASES LPII\SESIÓN 10 LPII\LPII_Sesión_10 - Sol\LPII_Spring_Ventas\src\test\resources
2024-10-16 10:52:19,994 [Worker-7: Building] INFO  o.e.m.c.i.embedder.EclipseLogger - Using 'UTF-8' encoding to copy filtered resources.
2024-10-16 10:52:19,995 [Worker-7: Building] INFO  o.e.m.c.i.embedder.EclipseLogger - Using 'UTF-8' encoding to copy filtered properties files.
2024-10-16 10:52:19,996 [Worker-7: Building] INFO  o.e.m.c.i.embedder.EclipseLogger - Copying 1 resource
2024-10-16 10:52:20,003 [Worker-7: Building] INFO  o.e.m.c.i.embedder.EclipseLogger - Copying 15 resources
2024-10-16 10:52:20,051 [Worker-7: Building] INFO  o.e.m.c.i.embedder.EclipseLogger - Using 'UTF-8' encoding to copy filtered resources.
2024-10-16 10:52:20,051 [Worker-7: Building] INFO  o.e.m.c.i.embedder.EclipseLogger - Using 'UTF-8' encoding to copy filtered properties files.
2024-10-16 10:52:20,051 [Worker-7: Building] INFO  o.e.m.c.i.embedder.EclipseLogger - skip non existing resourceDirectory E:\ARCHIVOS\INSTITUTO CIBERTEC CLASES\LENGUAJE DE PROGRAMACIÓN II\CLASES LPII\SESIÓN 10 LPII\LPII_Sesión_10 - Sol\LPII_Spring_Ventas\src\test\resources
2024-10-16 10:57:54,021 [Worker-0: Building] INFO  o.e.m.c.i.embedder.EclipseLogger - Using 'UTF-8' encoding to copy filtered resources.
2024-10-16 10:57:54,021 [Worker-0: Building] INFO  o.e.m.c.i.embedder.EclipseLogger - Using 'UTF-8' encoding to copy filtered properties files.
2024-10-16 10:57:54,023 [Worker-0: Building] INFO  o.e.m.c.i.embedder.EclipseLogger - Copying 1 resource
2024-10-16 10:57:54,037 [Worker-0: Building] INFO  o.e.m.c.i.embedder.EclipseLogger - Copying 15 resources
2024-10-16 10:57:54,046 [Worker-0: Building] INFO  o.e.m.c.i.embedder.EclipseLogger - Using 'UTF-8' encoding to copy filtered resources.
2024-10-16 10:57:54,046 [Worker-0: Building] INFO  o.e.m.c.i.embedder.EclipseLogger - Using 'UTF-8' encoding to copy filtered properties files.
2024-10-16 10:57:54,046 [Worker-0: Building] INFO  o.e.m.c.i.embedder.EclipseLogger - skip non existing resourceDirectory E:\ARCHIVOS\INSTITUTO CIBERTEC CLASES\LENGUAJE DE PROGRAMACIÓN II\CLASES LPII\SESIÓN 10 LPII\LPII_Sesión_10 - Sol\LPII_Spring_Ventas\src\test\resources
2024-10-16 10:58:51,108 [Worker-8: Building] INFO  o.e.m.c.i.embedder.EclipseLogger - Using 'UTF-8' encoding to copy filtered resources.
2024-10-16 10:58:51,108 [Worker-8: Building] INFO  o.e.m.c.i.embedder.EclipseLogger - Using 'UTF-8' encoding to copy filtered properties files.
2024-10-16 10:58:51,109 [Worker-8: Building] INFO  o.e.m.c.i.embedder.EclipseLogger - Copying 1 resource
2024-10-16 10:58:51,114 [Worker-8: Building] INFO  o.e.m.c.i.embedder.EclipseLogger - Copying 15 resources
2024-10-16 10:58:51,121 [Worker-8: Building] INFO  o.e.m.c.i.embedder.EclipseLogger - Using 'UTF-8' encoding to copy filtered resources.
2024-10-16 10:58:51,122 [Worker-8: Building] INFO  o.e.m.c.i.embedder.EclipseLogger - Using 'UTF-8' encoding to copy filtered properties files.
2024-10-16 10:58:51,122 [Worker-8: Building] INFO  o.e.m.c.i.embedder.EclipseLogger - skip non existing resourceDirectory E:\ARCHIVOS\INSTITUTO CIBERTEC CLASES\LENGUAJE DE PROGRAMACIÓN II\CLASES LPII\SESIÓN 10 LPII\LPII_Sesión_10 - Sol\LPII_Spring_Ventas\src\test\resources
2024-10-16 10:59:42,723 [Worker-6: Building] INFO  o.e.m.c.i.embedder.EclipseLogger - Using 'UTF-8' encoding to copy filtered resources.
2024-10-16 10:59:42,723 [Worker-6: Building] INFO  o.e.m.c.i.embedder.EclipseLogger - Using 'UTF-8' encoding to copy filtered properties files.
2024-10-16 10:59:42,724 [Worker-6: Building] INFO  o.e.m.c.i.embedder.EclipseLogger - Copying 1 resource
2024-10-16 10:59:42,731 [Worker-6: Building] INFO  o.e.m.c.i.embedder.EclipseLogger - Copying 15 resources
2024-10-16 10:59:42,739 [Worker-6: Building] INFO  o.e.m.c.i.embedder.EclipseLogger - Using 'UTF-8' encoding to copy filtered resources.
2024-10-16 10:59:42,739 [Worker-6: Building] INFO  o.e.m.c.i.embedder.EclipseLogger - Using 'UTF-8' encoding to copy filtered properties files.
2024-10-16 10:59:42,739 [Worker-6: Building] INFO  o.e.m.c.i.embedder.EclipseLogger - skip non existing resourceDirectory E:\ARCHIVOS\INSTITUTO CIBERTEC CLASES\LENGUAJE DE PROGRAMACIÓN II\CLASES LPII\SESIÓN 10 LPII\LPII_Sesión_10 - Sol\LPII_Spring_Ventas\src\test\resources
2024-10-16 11:51:17,184 [Worker-7: Building] INFO  o.e.m.c.i.embedder.EclipseLogger - Using 'UTF-8' encoding to copy filtered resources.
2024-10-16 11:51:17,184 [Worker-7: Building] INFO  o.e.m.c.i.embedder.EclipseLogger - Using 'UTF-8' encoding to copy filtered properties files.
2024-10-16 11:51:17,185 [Worker-7: Building] INFO  o.e.m.c.i.embedder.EclipseLogger - Copying 1 resource
2024-10-16 11:51:17,204 [Worker-7: Building] INFO  o.e.m.c.i.embedder.EclipseLogger - Copying 15 resources
2024-10-16 11:51:17,231 [Worker-7: Building] INFO  o.e.m.c.i.embedder.EclipseLogger - Using 'UTF-8' encoding to copy filtered resources.
2024-10-16 11:51:17,231 [Worker-7: Building] INFO  o.e.m.c.i.embedder.EclipseLogger - Using 'UTF-8' encoding to copy filtered properties files.
2024-10-16 11:51:17,231 [Worker-7: Building] INFO  o.e.m.c.i.embedder.EclipseLogger - skip non existing resourceDirectory E:\ARCHIVOS\INSTITUTO CIBERTEC CLASES\LENGUAJE DE PROGRAMACIÓN II\CLASES LPII\SESIÓN 10 LPII\LPII_Sesión_10 - Sol\LPII_Spring_Ventas\src\test\resources
2024-10-16 12:55:57,145 [Worker-13: Building] INFO  o.e.m.c.i.embedder.EclipseLogger - Using 'UTF-8' encoding to copy filtered resources.
2024-10-16 12:55:57,145 [Worker-13: Building] INFO  o.e.m.c.i.embedder.EclipseLogger - Using 'UTF-8' encoding to copy filtered properties files.
2024-10-16 12:55:57,146 [Worker-13: Building] INFO  o.e.m.c.i.embedder.EclipseLogger - Copying 1 resource
2024-10-16 12:55:57,158 [Worker-13: Building] INFO  o.e.m.c.i.embedder.EclipseLogger - Copying 15 resources
2024-10-16 12:55:57,166 [Worker-13: Building] INFO  o.e.m.c.i.embedder.EclipseLogger - Using 'UTF-8' encoding to copy filtered resources.
2024-10-16 12:55:57,166 [Worker-13: Building] INFO  o.e.m.c.i.embedder.EclipseLogger - Using 'UTF-8' encoding to copy filtered properties files.
2024-10-16 12:55:57,166 [Worker-13: Building] INFO  o.e.m.c.i.embedder.EclipseLogger - skip non existing resourceDirectory E:\ARCHIVOS\INSTITUTO CIBERTEC CLASES\LENGUAJE DE PROGRAMACIÓN II\CLASES LPII\SESIÓN 10 LPII\LPII_Sesión_10 - Sol\LPII_Spring_Ventas\src\test\resources
2024-10-17 15:58:58,414 [Worker-3: Loading available Gradle versions] INFO  o.e.b.c.i.u.g.PublishedGradleVersions - Gradle version information cache is out-of-date. Trying to update.
2024-10-17 15:59:26,126 [Worker-3: Launching Executing clean in F__ARCHIVOS_INSTITUTO CIBERTEC CLASES_LENGUAJE DE PROGRAMACIÓN II_CLASES LPII_SESIÓN 10 LPII_LPII_Sesión_10 - Sol_LPII_Spring_Ventas] INFO  o.eclipse.m2e.core.internal.Bundles - getClasspathEntries(Bundle=org.eclipse.m2e.maven.runtime_3.9.700.20240602-2313 [359])
2024-10-17 15:59:26,129 [Worker-3: Launching Executing clean in F__ARCHIVOS_INSTITUTO CIBERTEC CLASES_LENGUAJE DE PROGRAMACIÓN II_CLASES LPII_SESIÓN 10 LPII_LPII_Sesión_10 - Sol_LPII_Spring_Ventas] INFO  o.eclipse.m2e.core.internal.Bundles - 	Entry: C:\SpringToolSuite4\plugins\org.eclipse.m2e.maven.runtime_3.9.700.20240602-2313
2024-10-17 15:59:26,129 [Worker-3: Launching Executing clean in F__ARCHIVOS_INSTITUTO CIBERTEC CLASES_LENGUAJE DE PROGRAMACIÓN II_CLASES LPII_SESIÓN 10 LPII_LPII_Sesión_10 - Sol_LPII_Spring_Ventas] INFO  o.eclipse.m2e.core.internal.Bundles - 	Entry: C:\SpringToolSuite4\plugins\org.eclipse.m2e.maven.runtime_3.9.700.20240602-2313\jars\aopalliance-1.0.jar
2024-10-17 15:59:26,130 [Worker-3: Launching Executing clean in F__ARCHIVOS_INSTITUTO CIBERTEC CLASES_LENGUAJE DE PROGRAMACIÓN II_CLASES LPII_SESIÓN 10 LPII_LPII_Sesión_10 - Sol_LPII_Spring_Ventas] INFO  o.eclipse.m2e.core.internal.Bundles - 	Entry: C:\SpringToolSuite4\plugins\org.eclipse.m2e.maven.runtime_3.9.700.20240602-2313\jars\guice-5.1.0.jar
2024-10-17 15:59:26,130 [Worker-3: Launching Executing clean in F__ARCHIVOS_INSTITUTO CIBERTEC CLASES_LENGUAJE DE PROGRAMACIÓN II_CLASES LPII_SESIÓN 10 LPII_LPII_Sesión_10 - Sol_LPII_Spring_Ventas] INFO  o.eclipse.m2e.core.internal.Bundles - 	Entry: C:\SpringToolSuite4\plugins\org.eclipse.m2e.maven.runtime_3.9.700.20240602-2313\jars\httpclient-4.5.14.jar
2024-10-17 15:59:26,130 [Worker-3: Launching Executing clean in F__ARCHIVOS_INSTITUTO CIBERTEC CLASES_LENGUAJE DE PROGRAMACIÓN II_CLASES LPII_SESIÓN 10 LPII_LPII_Sesión_10 - Sol_LPII_Spring_Ventas] INFO  o.eclipse.m2e.core.internal.Bundles - 	Entry: C:\SpringToolSuite4\plugins\org.eclipse.m2e.maven.runtime_3.9.700.20240602-2313\jars\httpcore-4.4.16.jar
2024-10-17 15:59:26,131 [Worker-3: Launching Executing clean in F__ARCHIVOS_INSTITUTO CIBERTEC CLASES_LENGUAJE DE PROGRAMACIÓN II_CLASES LPII_SESIÓN 10 LPII_LPII_Sesión_10 - Sol_LPII_Spring_Ventas] INFO  o.eclipse.m2e.core.internal.Bundles - 	Entry: C:\SpringToolSuite4\plugins\org.eclipse.m2e.maven.runtime_3.9.700.20240602-2313\jars\jansi-2.4.1.jar
2024-10-17 15:59:26,131 [Worker-3: Launching Executing clean in F__ARCHIVOS_INSTITUTO CIBERTEC CLASES_LENGUAJE DE PROGRAMACIÓN II_CLASES LPII_SESIÓN 10 LPII_LPII_Sesión_10 - Sol_LPII_Spring_Ventas] INFO  o.eclipse.m2e.core.internal.Bundles - 	Entry: C:\SpringToolSuite4\plugins\org.eclipse.m2e.maven.runtime_3.9.700.20240602-2313\jars\jcl-over-slf4j-1.7.36.jar
2024-10-17 15:59:26,131 [Worker-3: Launching Executing clean in F__ARCHIVOS_INSTITUTO CIBERTEC CLASES_LENGUAJE DE PROGRAMACIÓN II_CLASES LPII_SESIÓN 10 LPII_LPII_Sesión_10 - Sol_LPII_Spring_Ventas] INFO  o.eclipse.m2e.core.internal.Bundles - 	Entry: C:\SpringToolSuite4\plugins\org.eclipse.m2e.maven.runtime_3.9.700.20240602-2313\jars\maven-artifact-3.9.7.jar
2024-10-17 15:59:26,131 [Worker-3: Launching Executing clean in F__ARCHIVOS_INSTITUTO CIBERTEC CLASES_LENGUAJE DE PROGRAMACIÓN II_CLASES LPII_SESIÓN 10 LPII_LPII_Sesión_10 - Sol_LPII_Spring_Ventas] INFO  o.eclipse.m2e.core.internal.Bundles - 	Entry: C:\SpringToolSuite4\plugins\org.eclipse.m2e.maven.runtime_3.9.700.20240602-2313\jars\maven-builder-support-3.9.7.jar
2024-10-17 15:59:26,131 [Worker-3: Launching Executing clean in F__ARCHIVOS_INSTITUTO CIBERTEC CLASES_LENGUAJE DE PROGRAMACIÓN II_CLASES LPII_SESIÓN 10 LPII_LPII_Sesión_10 - Sol_LPII_Spring_Ventas] INFO  o.eclipse.m2e.core.internal.Bundles - 	Entry: C:\SpringToolSuite4\plugins\org.eclipse.m2e.maven.runtime_3.9.700.20240602-2313\jars\maven-compat-3.9.7.jar
2024-10-17 15:59:26,131 [Worker-3: Launching Executing clean in F__ARCHIVOS_INSTITUTO CIBERTEC CLASES_LENGUAJE DE PROGRAMACIÓN II_CLASES LPII_SESIÓN 10 LPII_LPII_Sesión_10 - Sol_LPII_Spring_Ventas] INFO  o.eclipse.m2e.core.internal.Bundles - 	Entry: C:\SpringToolSuite4\plugins\org.eclipse.m2e.maven.runtime_3.9.700.20240602-2313\jars\maven-core-3.9.7.jar
2024-10-17 15:59:26,132 [Worker-3: Launching Executing clean in F__ARCHIVOS_INSTITUTO CIBERTEC CLASES_LENGUAJE DE PROGRAMACIÓN II_CLASES LPII_SESIÓN 10 LPII_LPII_Sesión_10 - Sol_LPII_Spring_Ventas] INFO  o.eclipse.m2e.core.internal.Bundles - 	Entry: C:\SpringToolSuite4\plugins\org.eclipse.m2e.maven.runtime_3.9.700.20240602-2313\jars\maven-embedder-3.9.7.jar
2024-10-17 15:59:26,132 [Worker-3: Launching Executing clean in F__ARCHIVOS_INSTITUTO CIBERTEC CLASES_LENGUAJE DE PROGRAMACIÓN II_CLASES LPII_SESIÓN 10 LPII_LPII_Sesión_10 - Sol_LPII_Spring_Ventas] INFO  o.eclipse.m2e.core.internal.Bundles - 	Entry: C:\SpringToolSuite4\plugins\org.eclipse.m2e.maven.runtime_3.9.700.20240602-2313\jars\maven-model-3.9.7.jar
2024-10-17 15:59:26,132 [Worker-3: Launching Executing clean in F__ARCHIVOS_INSTITUTO CIBERTEC CLASES_LENGUAJE DE PROGRAMACIÓN II_CLASES LPII_SESIÓN 10 LPII_LPII_Sesión_10 - Sol_LPII_Spring_Ventas] INFO  o.eclipse.m2e.core.internal.Bundles - 	Entry: C:\SpringToolSuite4\plugins\org.eclipse.m2e.maven.runtime_3.9.700.20240602-2313\jars\maven-model-builder-3.9.7.jar
2024-10-17 15:59:26,132 [Worker-3: Launching Executing clean in F__ARCHIVOS_INSTITUTO CIBERTEC CLASES_LENGUAJE DE PROGRAMACIÓN II_CLASES LPII_SESIÓN 10 LPII_LPII_Sesión_10 - Sol_LPII_Spring_Ventas] INFO  o.eclipse.m2e.core.internal.Bundles - 	Entry: C:\SpringToolSuite4\plugins\org.eclipse.m2e.maven.runtime_3.9.700.20240602-2313\jars\maven-plugin-api-3.9.7.jar
2024-10-17 15:59:26,132 [Worker-3: Launching Executing clean in F__ARCHIVOS_INSTITUTO CIBERTEC CLASES_LENGUAJE DE PROGRAMACIÓN II_CLASES LPII_SESIÓN 10 LPII_LPII_Sesión_10 - Sol_LPII_Spring_Ventas] INFO  o.eclipse.m2e.core.internal.Bundles - 	Entry: C:\SpringToolSuite4\plugins\org.eclipse.m2e.maven.runtime_3.9.700.20240602-2313\jars\maven-repository-metadata-3.9.7.jar
2024-10-17 15:59:26,132 [Worker-3: Launching Executing clean in F__ARCHIVOS_INSTITUTO CIBERTEC CLASES_LENGUAJE DE PROGRAMACIÓN II_CLASES LPII_SESIÓN 10 LPII_LPII_Sesión_10 - Sol_LPII_Spring_Ventas] INFO  o.eclipse.m2e.core.internal.Bundles - 	Entry: C:\SpringToolSuite4\plugins\org.eclipse.m2e.maven.runtime_3.9.700.20240602-2313\jars\maven-resolver-api-1.9.20.jar
2024-10-17 15:59:26,132 [Worker-3: Launching Executing clean in F__ARCHIVOS_INSTITUTO CIBERTEC CLASES_LENGUAJE DE PROGRAMACIÓN II_CLASES LPII_SESIÓN 10 LPII_LPII_Sesión_10 - Sol_LPII_Spring_Ventas] INFO  o.eclipse.m2e.core.internal.Bundles - 	Entry: C:\SpringToolSuite4\plugins\org.eclipse.m2e.maven.runtime_3.9.700.20240602-2313\jars\maven-resolver-connector-basic-1.9.20.jar
2024-10-17 15:59:26,133 [Worker-3: Launching Executing clean in F__ARCHIVOS_INSTITUTO CIBERTEC CLASES_LENGUAJE DE PROGRAMACIÓN II_CLASES LPII_SESIÓN 10 LPII_LPII_Sesión_10 - Sol_LPII_Spring_Ventas] INFO  o.eclipse.m2e.core.internal.Bundles - 	Entry: C:\SpringToolSuite4\plugins\org.eclipse.m2e.maven.runtime_3.9.700.20240602-2313\jars\maven-resolver-impl-1.9.20.jar
2024-10-17 15:59:26,133 [Worker-3: Launching Executing clean in F__ARCHIVOS_INSTITUTO CIBERTEC CLASES_LENGUAJE DE PROGRAMACIÓN II_CLASES LPII_SESIÓN 10 LPII_LPII_Sesión_10 - Sol_LPII_Spring_Ventas] INFO  o.eclipse.m2e.core.internal.Bundles - 	Entry: C:\SpringToolSuite4\plugins\org.eclipse.m2e.maven.runtime_3.9.700.20240602-2313\jars\maven-resolver-named-locks-1.9.20.jar
2024-10-17 15:59:26,133 [Worker-3: Launching Executing clean in F__ARCHIVOS_INSTITUTO CIBERTEC CLASES_LENGUAJE DE PROGRAMACIÓN II_CLASES LPII_SESIÓN 10 LPII_LPII_Sesión_10 - Sol_LPII_Spring_Ventas] INFO  o.eclipse.m2e.core.internal.Bundles - 	Entry: C:\SpringToolSuite4\plugins\org.eclipse.m2e.maven.runtime_3.9.700.20240602-2313\jars\maven-resolver-provider-3.9.7.jar
2024-10-17 15:59:26,133 [Worker-3: Launching Executing clean in F__ARCHIVOS_INSTITUTO CIBERTEC CLASES_LENGUAJE DE PROGRAMACIÓN II_CLASES LPII_SESIÓN 10 LPII_LPII_Sesión_10 - Sol_LPII_Spring_Ventas] INFO  o.eclipse.m2e.core.internal.Bundles - 	Entry: C:\SpringToolSuite4\plugins\org.eclipse.m2e.maven.runtime_3.9.700.20240602-2313\jars\maven-resolver-spi-1.9.20.jar
2024-10-17 15:59:26,133 [Worker-3: Launching Executing clean in F__ARCHIVOS_INSTITUTO CIBERTEC CLASES_LENGUAJE DE PROGRAMACIÓN II_CLASES LPII_SESIÓN 10 LPII_LPII_Sesión_10 - Sol_LPII_Spring_Ventas] INFO  o.eclipse.m2e.core.internal.Bundles - 	Entry: C:\SpringToolSuite4\plugins\org.eclipse.m2e.maven.runtime_3.9.700.20240602-2313\jars\maven-resolver-transport-file-1.9.20.jar
2024-10-17 15:59:26,133 [Worker-3: Launching Executing clean in F__ARCHIVOS_INSTITUTO CIBERTEC CLASES_LENGUAJE DE PROGRAMACIÓN II_CLASES LPII_SESIÓN 10 LPII_LPII_Sesión_10 - Sol_LPII_Spring_Ventas] INFO  o.eclipse.m2e.core.internal.Bundles - 	Entry: C:\SpringToolSuite4\plugins\org.eclipse.m2e.maven.runtime_3.9.700.20240602-2313\jars\maven-resolver-transport-http-1.9.20.jar
2024-10-17 15:59:26,134 [Worker-3: Launching Executing clean in F__ARCHIVOS_INSTITUTO CIBERTEC CLASES_LENGUAJE DE PROGRAMACIÓN II_CLASES LPII_SESIÓN 10 LPII_LPII_Sesión_10 - Sol_LPII_Spring_Ventas] INFO  o.eclipse.m2e.core.internal.Bundles - 	Entry: C:\SpringToolSuite4\plugins\org.eclipse.m2e.maven.runtime_3.9.700.20240602-2313\jars\maven-resolver-transport-wagon-1.9.20.jar
2024-10-17 15:59:26,134 [Worker-3: Launching Executing clean in F__ARCHIVOS_INSTITUTO CIBERTEC CLASES_LENGUAJE DE PROGRAMACIÓN II_CLASES LPII_SESIÓN 10 LPII_LPII_Sesión_10 - Sol_LPII_Spring_Ventas] INFO  o.eclipse.m2e.core.internal.Bundles - 	Entry: C:\SpringToolSuite4\plugins\org.eclipse.m2e.maven.runtime_3.9.700.20240602-2313\jars\maven-resolver-util-1.9.20.jar
2024-10-17 15:59:26,134 [Worker-3: Launching Executing clean in F__ARCHIVOS_INSTITUTO CIBERTEC CLASES_LENGUAJE DE PROGRAMACIÓN II_CLASES LPII_SESIÓN 10 LPII_LPII_Sesión_10 - Sol_LPII_Spring_Ventas] INFO  o.eclipse.m2e.core.internal.Bundles - 	Entry: C:\SpringToolSuite4\plugins\org.eclipse.m2e.maven.runtime_3.9.700.20240602-2313\jars\maven-settings-3.9.7.jar
2024-10-17 15:59:26,134 [Worker-3: Launching Executing clean in F__ARCHIVOS_INSTITUTO CIBERTEC CLASES_LENGUAJE DE PROGRAMACIÓN II_CLASES LPII_SESIÓN 10 LPII_LPII_Sesión_10 - Sol_LPII_Spring_Ventas] INFO  o.eclipse.m2e.core.internal.Bundles - 	Entry: C:\SpringToolSuite4\plugins\org.eclipse.m2e.maven.runtime_3.9.700.20240602-2313\jars\maven-settings-builder-3.9.7.jar
2024-10-17 15:59:26,134 [Worker-3: Launching Executing clean in F__ARCHIVOS_INSTITUTO CIBERTEC CLASES_LENGUAJE DE PROGRAMACIÓN II_CLASES LPII_SESIÓN 10 LPII_LPII_Sesión_10 - Sol_LPII_Spring_Ventas] INFO  o.eclipse.m2e.core.internal.Bundles - 	Entry: C:\SpringToolSuite4\plugins\org.eclipse.m2e.maven.runtime_3.9.700.20240602-2313\jars\maven-shared-utils-3.4.2.jar
2024-10-17 15:59:26,134 [Worker-3: Launching Executing clean in F__ARCHIVOS_INSTITUTO CIBERTEC CLASES_LENGUAJE DE PROGRAMACIÓN II_CLASES LPII_SESIÓN 10 LPII_LPII_Sesión_10 - Sol_LPII_Spring_Ventas] INFO  o.eclipse.m2e.core.internal.Bundles - 	Entry: C:\SpringToolSuite4\plugins\org.eclipse.m2e.maven.runtime_3.9.700.20240602-2313\jars\org.eclipse.sisu.inject-0.9.0.M2.jar
2024-10-17 15:59:26,135 [Worker-3: Launching Executing clean in F__ARCHIVOS_INSTITUTO CIBERTEC CLASES_LENGUAJE DE PROGRAMACIÓN II_CLASES LPII_SESIÓN 10 LPII_LPII_Sesión_10 - Sol_LPII_Spring_Ventas] INFO  o.eclipse.m2e.core.internal.Bundles - 	Entry: C:\SpringToolSuite4\plugins\org.eclipse.m2e.maven.runtime_3.9.700.20240602-2313\jars\org.eclipse.sisu.plexus-0.9.0.M2.jar
2024-10-17 15:59:26,135 [Worker-3: Launching Executing clean in F__ARCHIVOS_INSTITUTO CIBERTEC CLASES_LENGUAJE DE PROGRAMACIÓN II_CLASES LPII_SESIÓN 10 LPII_LPII_Sesión_10 - Sol_LPII_Spring_Ventas] INFO  o.eclipse.m2e.core.internal.Bundles - 	Entry: C:\SpringToolSuite4\plugins\org.eclipse.m2e.maven.runtime_3.9.700.20240602-2313\jars\plexus-build-api-0.0.7.jar
2024-10-17 15:59:26,135 [Worker-3: Launching Executing clean in F__ARCHIVOS_INSTITUTO CIBERTEC CLASES_LENGUAJE DE PROGRAMACIÓN II_CLASES LPII_SESIÓN 10 LPII_LPII_Sesión_10 - Sol_LPII_Spring_Ventas] INFO  o.eclipse.m2e.core.internal.Bundles - 	Entry: C:\SpringToolSuite4\plugins\org.eclipse.m2e.maven.runtime_3.9.700.20240602-2313\jars\plexus-build-api-1.2.0.jar
2024-10-17 15:59:26,136 [Worker-3: Launching Executing clean in F__ARCHIVOS_INSTITUTO CIBERTEC CLASES_LENGUAJE DE PROGRAMACIÓN II_CLASES LPII_SESIÓN 10 LPII_LPII_Sesión_10 - Sol_LPII_Spring_Ventas] INFO  o.eclipse.m2e.core.internal.Bundles - 	Entry: C:\SpringToolSuite4\plugins\org.eclipse.m2e.maven.runtime_3.9.700.20240602-2313\jars\plexus-cipher-2.0.jar
2024-10-17 15:59:26,136 [Worker-3: Launching Executing clean in F__ARCHIVOS_INSTITUTO CIBERTEC CLASES_LENGUAJE DE PROGRAMACIÓN II_CLASES LPII_SESIÓN 10 LPII_LPII_Sesión_10 - Sol_LPII_Spring_Ventas] INFO  o.eclipse.m2e.core.internal.Bundles - 	Entry: C:\SpringToolSuite4\plugins\org.eclipse.m2e.maven.runtime_3.9.700.20240602-2313\jars\plexus-classworlds-2.8.0.jar
2024-10-17 15:59:26,136 [Worker-3: Launching Executing clean in F__ARCHIVOS_INSTITUTO CIBERTEC CLASES_LENGUAJE DE PROGRAMACIÓN II_CLASES LPII_SESIÓN 10 LPII_LPII_Sesión_10 - Sol_LPII_Spring_Ventas] INFO  o.eclipse.m2e.core.internal.Bundles - 	Entry: C:\SpringToolSuite4\plugins\org.eclipse.m2e.maven.runtime_3.9.700.20240602-2313\jars\plexus-component-annotations-2.1.0.jar
2024-10-17 15:59:26,136 [Worker-3: Launching Executing clean in F__ARCHIVOS_INSTITUTO CIBERTEC CLASES_LENGUAJE DE PROGRAMACIÓN II_CLASES LPII_SESIÓN 10 LPII_LPII_Sesión_10 - Sol_LPII_Spring_Ventas] INFO  o.eclipse.m2e.core.internal.Bundles - 	Entry: C:\SpringToolSuite4\plugins\org.eclipse.m2e.maven.runtime_3.9.700.20240602-2313\jars\plexus-interpolation-1.27.jar
2024-10-17 15:59:26,136 [Worker-3: Launching Executing clean in F__ARCHIVOS_INSTITUTO CIBERTEC CLASES_LENGUAJE DE PROGRAMACIÓN II_CLASES LPII_SESIÓN 10 LPII_LPII_Sesión_10 - Sol_LPII_Spring_Ventas] INFO  o.eclipse.m2e.core.internal.Bundles - 	Entry: C:\SpringToolSuite4\plugins\org.eclipse.m2e.maven.runtime_3.9.700.20240602-2313\jars\plexus-sec-dispatcher-2.0.jar
2024-10-17 15:59:26,137 [Worker-3: Launching Executing clean in F__ARCHIVOS_INSTITUTO CIBERTEC CLASES_LENGUAJE DE PROGRAMACIÓN II_CLASES LPII_SESIÓN 10 LPII_LPII_Sesión_10 - Sol_LPII_Spring_Ventas] INFO  o.eclipse.m2e.core.internal.Bundles - 	Entry: C:\SpringToolSuite4\plugins\org.eclipse.m2e.maven.runtime_3.9.700.20240602-2313\jars\plexus-utils-3.5.1.jar
2024-10-17 15:59:26,137 [Worker-3: Launching Executing clean in F__ARCHIVOS_INSTITUTO CIBERTEC CLASES_LENGUAJE DE PROGRAMACIÓN II_CLASES LPII_SESIÓN 10 LPII_LPII_Sesión_10 - Sol_LPII_Spring_Ventas] INFO  o.eclipse.m2e.core.internal.Bundles - 	Entry: C:\SpringToolSuite4\plugins\org.eclipse.m2e.maven.runtime_3.9.700.20240602-2313\jars\wagon-file-3.5.3.jar
2024-10-17 15:59:26,138 [Worker-3: Launching Executing clean in F__ARCHIVOS_INSTITUTO CIBERTEC CLASES_LENGUAJE DE PROGRAMACIÓN II_CLASES LPII_SESIÓN 10 LPII_LPII_Sesión_10 - Sol_LPII_Spring_Ventas] INFO  o.eclipse.m2e.core.internal.Bundles - 	Entry: C:\SpringToolSuite4\plugins\org.eclipse.m2e.maven.runtime_3.9.700.20240602-2313\jars\wagon-http-3.5.3.jar
2024-10-17 15:59:26,138 [Worker-3: Launching Executing clean in F__ARCHIVOS_INSTITUTO CIBERTEC CLASES_LENGUAJE DE PROGRAMACIÓN II_CLASES LPII_SESIÓN 10 LPII_LPII_Sesión_10 - Sol_LPII_Spring_Ventas] INFO  o.eclipse.m2e.core.internal.Bundles - 	Entry: C:\SpringToolSuite4\plugins\org.eclipse.m2e.maven.runtime_3.9.700.20240602-2313\jars\wagon-http-shared-3.5.3.jar
2024-10-17 15:59:26,138 [Worker-3: Launching Executing clean in F__ARCHIVOS_INSTITUTO CIBERTEC CLASES_LENGUAJE DE PROGRAMACIÓN II_CLASES LPII_SESIÓN 10 LPII_LPII_Sesión_10 - Sol_LPII_Spring_Ventas] INFO  o.eclipse.m2e.core.internal.Bundles - 	Entry: C:\SpringToolSuite4\plugins\org.eclipse.m2e.maven.runtime_3.9.700.20240602-2313\jars\wagon-provider-api-3.5.3.jar
2024-10-17 15:59:26,141 [Worker-3: Launching Executing clean in F__ARCHIVOS_INSTITUTO CIBERTEC CLASES_LENGUAJE DE PROGRAMACIÓN II_CLASES LPII_SESIÓN 10 LPII_LPII_Sesión_10 - Sol_LPII_Spring_Ventas] INFO  o.eclipse.m2e.core.internal.Bundles - getClasspathEntries(Bundle=com.google.guava_33.2.0.jre [29])
2024-10-17 15:59:26,141 [Worker-3: Launching Executing clean in F__ARCHIVOS_INSTITUTO CIBERTEC CLASES_LENGUAJE DE PROGRAMACIÓN II_CLASES LPII_SESIÓN 10 LPII_LPII_Sesión_10 - Sol_LPII_Spring_Ventas] INFO  o.eclipse.m2e.core.internal.Bundles - 	Entry: C:\SpringToolSuite4\plugins\com.google.guava_33.2.0.jre.jar
2024-10-17 15:59:26,141 [Worker-3: Launching Executing clean in F__ARCHIVOS_INSTITUTO CIBERTEC CLASES_LENGUAJE DE PROGRAMACIÓN II_CLASES LPII_SESIÓN 10 LPII_LPII_Sesión_10 - Sol_LPII_Spring_Ventas] INFO  o.eclipse.m2e.core.internal.Bundles - getClasspathEntries(Bundle=slf4j.api_2.0.13 [590])
2024-10-17 15:59:26,141 [Worker-3: Launching Executing clean in F__ARCHIVOS_INSTITUTO CIBERTEC CLASES_LENGUAJE DE PROGRAMACIÓN II_CLASES LPII_SESIÓN 10 LPII_LPII_Sesión_10 - Sol_LPII_Spring_Ventas] INFO  o.eclipse.m2e.core.internal.Bundles - 	Entry: C:\SpringToolSuite4\plugins\slf4j.api_2.0.13.jar
2024-10-17 15:59:26,141 [Worker-3: Launching Executing clean in F__ARCHIVOS_INSTITUTO CIBERTEC CLASES_LENGUAJE DE PROGRAMACIÓN II_CLASES LPII_SESIÓN 10 LPII_LPII_Sesión_10 - Sol_LPII_Spring_Ventas] INFO  o.eclipse.m2e.core.internal.Bundles - getClasspathEntries(Bundle=jakarta.inject.jakarta.inject-api_1.0.5 [44])
2024-10-17 15:59:26,142 [Worker-3: Launching Executing clean in F__ARCHIVOS_INSTITUTO CIBERTEC CLASES_LENGUAJE DE PROGRAMACIÓN II_CLASES LPII_SESIÓN 10 LPII_LPII_Sesión_10 - Sol_LPII_Spring_Ventas] INFO  o.eclipse.m2e.core.internal.Bundles - 	Entry: C:\SpringToolSuite4\plugins\jakarta.inject.jakarta.inject-api_1.0.5.jar
2024-10-17 15:59:26,142 [Worker-3: Launching Executing clean in F__ARCHIVOS_INSTITUTO CIBERTEC CLASES_LENGUAJE DE PROGRAMACIÓN II_CLASES LPII_SESIÓN 10 LPII_LPII_Sesión_10 - Sol_LPII_Spring_Ventas] INFO  o.eclipse.m2e.core.internal.Bundles - getClasspathEntries(Bundle=javax.annotation_1.3.5.v20200909-1856 [53])
2024-10-17 15:59:26,142 [Worker-3: Launching Executing clean in F__ARCHIVOS_INSTITUTO CIBERTEC CLASES_LENGUAJE DE PROGRAMACIÓN II_CLASES LPII_SESIÓN 10 LPII_LPII_Sesión_10 - Sol_LPII_Spring_Ventas] INFO  o.eclipse.m2e.core.internal.Bundles - 	Entry: C:\SpringToolSuite4\plugins\javax.annotation_1.3.5.v20200909-1856.jar
2024-10-17 15:59:26,142 [Worker-3: Launching Executing clean in F__ARCHIVOS_INSTITUTO CIBERTEC CLASES_LENGUAJE DE PROGRAMACIÓN II_CLASES LPII_SESIÓN 10 LPII_LPII_Sesión_10 - Sol_LPII_Spring_Ventas] INFO  o.eclipse.m2e.core.internal.Bundles - getClasspathEntries(Bundle=org.apache.commons.cli_1.8.0 [76])
2024-10-17 15:59:26,142 [Worker-3: Launching Executing clean in F__ARCHIVOS_INSTITUTO CIBERTEC CLASES_LENGUAJE DE PROGRAMACIÓN II_CLASES LPII_SESIÓN 10 LPII_LPII_Sesión_10 - Sol_LPII_Spring_Ventas] INFO  o.eclipse.m2e.core.internal.Bundles - 	Entry: C:\SpringToolSuite4\plugins\org.apache.commons.cli_1.8.0.jar
2024-10-17 15:59:26,142 [Worker-3: Launching Executing clean in F__ARCHIVOS_INSTITUTO CIBERTEC CLASES_LENGUAJE DE PROGRAMACIÓN II_CLASES LPII_SESIÓN 10 LPII_LPII_Sesión_10 - Sol_LPII_Spring_Ventas] INFO  o.eclipse.m2e.core.internal.Bundles - getClasspathEntries(Bundle=org.apache.commons.commons-codec_1.16.0 [78])
2024-10-17 15:59:26,142 [Worker-3: Launching Executing clean in F__ARCHIVOS_INSTITUTO CIBERTEC CLASES_LENGUAJE DE PROGRAMACIÓN II_CLASES LPII_SESIÓN 10 LPII_LPII_Sesión_10 - Sol_LPII_Spring_Ventas] INFO  o.eclipse.m2e.core.internal.Bundles - 	Entry: C:\SpringToolSuite4\plugins\org.apache.commons.commons-codec_1.16.0.jar
2024-10-17 15:59:26,142 [Worker-3: Launching Executing clean in F__ARCHIVOS_INSTITUTO CIBERTEC CLASES_LENGUAJE DE PROGRAMACIÓN II_CLASES LPII_SESIÓN 10 LPII_LPII_Sesión_10 - Sol_LPII_Spring_Ventas] INFO  o.eclipse.m2e.core.internal.Bundles - getClasspathEntries(Bundle=org.apache.commons.lang3_3.14.0 [82])
2024-10-17 15:59:26,143 [Worker-3: Launching Executing clean in F__ARCHIVOS_INSTITUTO CIBERTEC CLASES_LENGUAJE DE PROGRAMACIÓN II_CLASES LPII_SESIÓN 10 LPII_LPII_Sesión_10 - Sol_LPII_Spring_Ventas] INFO  o.eclipse.m2e.core.internal.Bundles - 	Entry: C:\SpringToolSuite4\plugins\org.apache.commons.lang3_3.14.0.jar
2024-10-17 15:59:26,143 [Worker-3: Launching Executing clean in F__ARCHIVOS_INSTITUTO CIBERTEC CLASES_LENGUAJE DE PROGRAMACIÓN II_CLASES LPII_SESIÓN 10 LPII_LPII_Sesión_10 - Sol_LPII_Spring_Ventas] INFO  o.eclipse.m2e.core.internal.Bundles - getClasspathEntries(Bundle=com.google.guava.failureaccess_1.0.2 [30])
2024-10-17 15:59:26,143 [Worker-3: Launching Executing clean in F__ARCHIVOS_INSTITUTO CIBERTEC CLASES_LENGUAJE DE PROGRAMACIÓN II_CLASES LPII_SESIÓN 10 LPII_LPII_Sesión_10 - Sol_LPII_Spring_Ventas] INFO  o.eclipse.m2e.core.internal.Bundles - 	Entry: C:\SpringToolSuite4\plugins\com.google.guava.failureaccess_1.0.2.jar
2024-10-17 15:59:26,154 [Worker-3: Launching Executing clean in F__ARCHIVOS_INSTITUTO CIBERTEC CLASES_LENGUAJE DE PROGRAMACIÓN II_CLASES LPII_SESIÓN 10 LPII_LPII_Sesión_10 - Sol_LPII_Spring_Ventas] INFO  o.e.m.i.launch.MavenLaunchDelegate - Run build in "F:\ARCHIVOS\INSTITUTO CIBERTEC CLASES\LENGUAJE DE PROGRAMACIÓN II\CLASES LPII\SESIÓN 10 LPII\LPII_Sesión_10 - Sol\LPII_Spring_Ventas":
2024-10-17 15:59:26,157 [Worker-3: Launching Executing clean in F__ARCHIVOS_INSTITUTO CIBERTEC CLASES_LENGUAJE DE PROGRAMACIÓN II_CLASES LPII_SESIÓN 10 LPII_LPII_Sesión_10 - Sol_LPII_Spring_Ventas] INFO  o.e.m.i.launch.MavenLaunchDelegate -  mvn  -Ppom.xml -B -Dstyle.color=always clean
2024-10-17 15:59:32,635 [Worker-12: Building] INFO  o.e.m.c.i.embedder.EclipseLogger - Using 'UTF-8' encoding to copy filtered resources.
2024-10-17 15:59:32,635 [Worker-12: Building] INFO  o.e.m.c.i.embedder.EclipseLogger - Using 'UTF-8' encoding to copy filtered properties files.
2024-10-17 15:59:32,642 [Worker-12: Building] INFO  o.e.m.c.i.embedder.EclipseLogger - Copying 1 resource
2024-10-17 15:59:32,674 [Worker-12: Building] INFO  o.e.m.c.i.embedder.EclipseLogger - Copying 15 resources
2024-10-17 15:59:33,104 [Worker-12: Building] INFO  o.e.m.c.i.embedder.EclipseLogger - Using 'UTF-8' encoding to copy filtered resources.
2024-10-17 15:59:33,105 [Worker-12: Building] INFO  o.e.m.c.i.embedder.EclipseLogger - Using 'UTF-8' encoding to copy filtered properties files.
2024-10-17 15:59:33,105 [Worker-12: Building] INFO  o.e.m.c.i.embedder.EclipseLogger - skip non existing resourceDirectory F:\ARCHIVOS\INSTITUTO CIBERTEC CLASES\LENGUAJE DE PROGRAMACIÓN II\CLASES LPII\SESIÓN 10 LPII\LPII_Sesión_10 - Sol\LPII_Spring_Ventas\src\test\resources
2024-10-17 15:59:33,122 [Worker-12: Building] INFO  o.e.m.w.i.f.ResourceFilteringBuildParticipant - Changed resources require a complete clean of filtered resources of LPII_Spring_Ventas
2024-10-17 15:59:33,123 [Worker-12: Building] INFO  o.e.m.w.i.f.ResourceFilteringBuildParticipant - Executing resource filtering for LPII_Spring_Ventas
2024-10-17 15:59:37,891 [Worker-10: Updating Maven Project] INFO  o.e.m.c.i.p.ProjectConfigurationManager - Update started
2024-10-17 15:59:40,772 [Worker-10: Updating Maven Project] INFO  o.e.m.c.i.l.LifecycleMappingFactory - Using org.maven.ide.eclipse.wtp.WarLifecycleMapping lifecycle mapping for MavenProject: com.cibertec.app:LPII_Spring_Ventas:0.0.1-SNAPSHOT @ F:\ARCHIVOS\INSTITUTO CIBERTEC CLASES\LENGUAJE DE PROGRAMACIÓN II\CLASES LPII\SESIÓN 10 LPII\LPII_Sesión_10 - Sol\LPII_Spring_Ventas\pom.xml.
2024-10-17 15:59:43,062 [Worker-10: Updating Maven Project] INFO  o.e.m.j.i.AbstractJavaProjectConfigurator - Adding source folder /LPII_Spring_Ventas/src/main/java
2024-10-17 15:59:43,066 [Worker-10: Updating Maven Project] INFO  o.e.m.j.i.AbstractJavaProjectConfigurator - Adding resource folder /LPII_Spring_Ventas/src/main/resources
2024-10-17 15:59:43,067 [Worker-10: Updating Maven Project] INFO  o.e.m.j.i.AbstractJavaProjectConfigurator - Adding resource folder /LPII_Spring_Ventas/src/main/resources
2024-10-17 15:59:43,068 [Worker-10: Updating Maven Project] INFO  o.e.m.j.i.AbstractJavaProjectConfigurator - Adding source folder /LPII_Spring_Ventas/src/test/java
2024-10-17 15:59:43,070 [Worker-10: Updating Maven Project] INFO  o.e.m.j.i.AbstractJavaProjectConfigurator - Adding resource folder /LPII_Spring_Ventas/src/test/resources
2024-10-17 15:59:44,395 [Worker-10: Updating Maven Project] INFO  o.e.m.w.i.f.ResourceFilteringBuildParticipant - Cleaning filtered folder for LPII_Spring_Ventas
2024-10-17 15:59:44,423 [Worker-10: Updating Maven Project] INFO  o.e.m.c.i.p.ProjectConfigurationManager - Update completed for 1 poms: local refresh takes 0.00 sec, refresh facades takes 4.00 sec, update config takes 1.00 sec 
2024-10-17 15:59:45,857 [Worker-9: Building] INFO  o.e.m.c.i.embedder.EclipseLogger - Using 'UTF-8' encoding to copy filtered resources.
2024-10-17 15:59:45,857 [Worker-9: Building] INFO  o.e.m.c.i.embedder.EclipseLogger - Using 'UTF-8' encoding to copy filtered properties files.
2024-10-17 15:59:45,857 [Worker-9: Building] INFO  o.e.m.c.i.embedder.EclipseLogger - Copying 1 resource
2024-10-17 15:59:45,875 [Worker-9: Building] INFO  o.e.m.c.i.embedder.EclipseLogger - Copying 15 resources
2024-10-17 15:59:45,923 [Worker-9: Building] INFO  o.e.m.c.i.embedder.EclipseLogger - Using 'UTF-8' encoding to copy filtered resources.
2024-10-17 15:59:45,924 [Worker-9: Building] INFO  o.e.m.c.i.embedder.EclipseLogger - Using 'UTF-8' encoding to copy filtered properties files.
2024-10-17 15:59:45,924 [Worker-9: Building] INFO  o.e.m.c.i.embedder.EclipseLogger - skip non existing resourceDirectory F:\ARCHIVOS\INSTITUTO CIBERTEC CLASES\LENGUAJE DE PROGRAMACIÓN II\CLASES LPII\SESIÓN 10 LPII\LPII_Sesión_10 - Sol\LPII_Spring_Ventas\src\test\resources
2024-10-17 15:59:45,924 [Worker-9: Building] INFO  o.e.m.w.i.f.ResourceFilteringBuildParticipant - Changed resources require a complete clean of filtered resources of LPII_Spring_Ventas
2024-10-17 15:59:45,924 [Worker-9: Building] INFO  o.e.m.w.i.f.ResourceFilteringBuildParticipant - Executing resource filtering for LPII_Spring_Ventas
2024-10-17 16:04:58,914 [Worker-2: Building] INFO  o.e.m.c.i.embedder.EclipseLogger - Using 'UTF-8' encoding to copy filtered resources.
2024-10-17 16:04:58,914 [Worker-2: Building] INFO  o.e.m.c.i.embedder.EclipseLogger - Using 'UTF-8' encoding to copy filtered properties files.
2024-10-17 16:04:58,918 [Worker-2: Building] INFO  o.e.m.c.i.embedder.EclipseLogger - Copying 1 resource
2024-10-17 16:04:59,015 [Worker-2: Building] INFO  o.e.m.c.i.embedder.EclipseLogger - Copying 15 resources
2024-10-17 16:04:59,026 [Worker-2: Building] INFO  o.e.m.c.i.embedder.EclipseLogger - Using 'UTF-8' encoding to copy filtered resources.
2024-10-17 16:04:59,026 [Worker-2: Building] INFO  o.e.m.c.i.embedder.EclipseLogger - Using 'UTF-8' encoding to copy filtered properties files.
2024-10-17 16:04:59,026 [Worker-2: Building] INFO  o.e.m.c.i.embedder.EclipseLogger - skip non existing resourceDirectory F:\ARCHIVOS\INSTITUTO CIBERTEC CLASES\LENGUAJE DE PROGRAMACIÓN II\CLASES LPII\SESIÓN 10 LPII\LPII_Sesión_10 - Sol\LPII_Spring_Ventas\src\test\resources
2024-10-18 10:53:28,650 [Worker-7: Loading available Gradle versions] INFO  o.e.b.c.i.u.g.PublishedGradleVersions - Gradle version information cache is out-of-date. Trying to update.
2024-10-18 10:53:48,978 [Worker-18: Building] INFO  o.e.m.c.i.embedder.EclipseLogger - Using 'UTF-8' encoding to copy filtered resources.
2024-10-18 10:53:48,986 [Worker-18: Building] INFO  o.e.m.c.i.embedder.EclipseLogger - Using 'UTF-8' encoding to copy filtered properties files.
2024-10-18 10:53:48,991 [Worker-18: Building] INFO  o.e.m.c.i.embedder.EclipseLogger - Copying 1 resource
2024-10-18 10:53:49,004 [Worker-18: Building] INFO  o.e.m.c.i.embedder.EclipseLogger - Copying 15 resources
2024-10-18 10:53:49,262 [Worker-18: Building] INFO  o.e.m.c.i.embedder.EclipseLogger - Using 'UTF-8' encoding to copy filtered resources.
2024-10-18 10:53:49,262 [Worker-18: Building] INFO  o.e.m.c.i.embedder.EclipseLogger - Using 'UTF-8' encoding to copy filtered properties files.
2024-10-18 10:53:49,263 [Worker-18: Building] INFO  o.e.m.c.i.embedder.EclipseLogger - skip non existing resourceDirectory E:\ARCHIVOS\INSTITUTO CIBERTEC CLASES\LENGUAJE DE PROGRAMACIÓN II\CLASES LPII\SESIÓN 10 LPII\LPII_Sesión_10 - Sol\LPII_Spring_Ventas\src\test\resources
2024-10-18 10:55:56,320 [Worker-13: Launching Executing clean in E__ARCHIVOS_INSTITUTO CIBERTEC CLASES_LENGUAJE DE PROGRAMACIÓN II_CLASES LPII_SESIÓN 10 LPII_LPII_Sesión_10 - Sol_LPII_Spring_Ventas] INFO  o.eclipse.m2e.core.internal.Bundles - getClasspathEntries(Bundle=org.eclipse.m2e.maven.runtime_3.9.700.20240602-2313 [359])
2024-10-18 10:55:56,321 [Worker-13: Launching Executing clean in E__ARCHIVOS_INSTITUTO CIBERTEC CLASES_LENGUAJE DE PROGRAMACIÓN II_CLASES LPII_SESIÓN 10 LPII_LPII_Sesión_10 - Sol_LPII_Spring_Ventas] INFO  o.eclipse.m2e.core.internal.Bundles - 	Entry: D:\SpringToolSuite4\plugins\org.eclipse.m2e.maven.runtime_3.9.700.20240602-2313
2024-10-18 10:55:56,321 [Worker-13: Launching Executing clean in E__ARCHIVOS_INSTITUTO CIBERTEC CLASES_LENGUAJE DE PROGRAMACIÓN II_CLASES LPII_SESIÓN 10 LPII_LPII_Sesión_10 - Sol_LPII_Spring_Ventas] INFO  o.eclipse.m2e.core.internal.Bundles - 	Entry: D:\SpringToolSuite4\plugins\org.eclipse.m2e.maven.runtime_3.9.700.20240602-2313\jars\aopalliance-1.0.jar
2024-10-18 10:55:56,321 [Worker-13: Launching Executing clean in E__ARCHIVOS_INSTITUTO CIBERTEC CLASES_LENGUAJE DE PROGRAMACIÓN II_CLASES LPII_SESIÓN 10 LPII_LPII_Sesión_10 - Sol_LPII_Spring_Ventas] INFO  o.eclipse.m2e.core.internal.Bundles - 	Entry: D:\SpringToolSuite4\plugins\org.eclipse.m2e.maven.runtime_3.9.700.20240602-2313\jars\guice-5.1.0.jar
2024-10-18 10:55:56,321 [Worker-13: Launching Executing clean in E__ARCHIVOS_INSTITUTO CIBERTEC CLASES_LENGUAJE DE PROGRAMACIÓN II_CLASES LPII_SESIÓN 10 LPII_LPII_Sesión_10 - Sol_LPII_Spring_Ventas] INFO  o.eclipse.m2e.core.internal.Bundles - 	Entry: D:\SpringToolSuite4\plugins\org.eclipse.m2e.maven.runtime_3.9.700.20240602-2313\jars\httpclient-4.5.14.jar
2024-10-18 10:55:56,321 [Worker-13: Launching Executing clean in E__ARCHIVOS_INSTITUTO CIBERTEC CLASES_LENGUAJE DE PROGRAMACIÓN II_CLASES LPII_SESIÓN 10 LPII_LPII_Sesión_10 - Sol_LPII_Spring_Ventas] INFO  o.eclipse.m2e.core.internal.Bundles - 	Entry: D:\SpringToolSuite4\plugins\org.eclipse.m2e.maven.runtime_3.9.700.20240602-2313\jars\httpcore-4.4.16.jar
2024-10-18 10:55:56,321 [Worker-13: Launching Executing clean in E__ARCHIVOS_INSTITUTO CIBERTEC CLASES_LENGUAJE DE PROGRAMACIÓN II_CLASES LPII_SESIÓN 10 LPII_LPII_Sesión_10 - Sol_LPII_Spring_Ventas] INFO  o.eclipse.m2e.core.internal.Bundles - 	Entry: D:\SpringToolSuite4\plugins\org.eclipse.m2e.maven.runtime_3.9.700.20240602-2313\jars\jansi-2.4.1.jar
2024-10-18 10:55:56,322 [Worker-13: Launching Executing clean in E__ARCHIVOS_INSTITUTO CIBERTEC CLASES_LENGUAJE DE PROGRAMACIÓN II_CLASES LPII_SESIÓN 10 LPII_LPII_Sesión_10 - Sol_LPII_Spring_Ventas] INFO  o.eclipse.m2e.core.internal.Bundles - 	Entry: D:\SpringToolSuite4\plugins\org.eclipse.m2e.maven.runtime_3.9.700.20240602-2313\jars\jcl-over-slf4j-1.7.36.jar
2024-10-18 10:55:56,322 [Worker-13: Launching Executing clean in E__ARCHIVOS_INSTITUTO CIBERTEC CLASES_LENGUAJE DE PROGRAMACIÓN II_CLASES LPII_SESIÓN 10 LPII_LPII_Sesión_10 - Sol_LPII_Spring_Ventas] INFO  o.eclipse.m2e.core.internal.Bundles - 	Entry: D:\SpringToolSuite4\plugins\org.eclipse.m2e.maven.runtime_3.9.700.20240602-2313\jars\maven-artifact-3.9.7.jar
2024-10-18 10:55:56,322 [Worker-13: Launching Executing clean in E__ARCHIVOS_INSTITUTO CIBERTEC CLASES_LENGUAJE DE PROGRAMACIÓN II_CLASES LPII_SESIÓN 10 LPII_LPII_Sesión_10 - Sol_LPII_Spring_Ventas] INFO  o.eclipse.m2e.core.internal.Bundles - 	Entry: D:\SpringToolSuite4\plugins\org.eclipse.m2e.maven.runtime_3.9.700.20240602-2313\jars\maven-builder-support-3.9.7.jar
2024-10-18 10:55:56,322 [Worker-13: Launching Executing clean in E__ARCHIVOS_INSTITUTO CIBERTEC CLASES_LENGUAJE DE PROGRAMACIÓN II_CLASES LPII_SESIÓN 10 LPII_LPII_Sesión_10 - Sol_LPII_Spring_Ventas] INFO  o.eclipse.m2e.core.internal.Bundles - 	Entry: D:\SpringToolSuite4\plugins\org.eclipse.m2e.maven.runtime_3.9.700.20240602-2313\jars\maven-compat-3.9.7.jar
2024-10-18 10:55:56,322 [Worker-13: Launching Executing clean in E__ARCHIVOS_INSTITUTO CIBERTEC CLASES_LENGUAJE DE PROGRAMACIÓN II_CLASES LPII_SESIÓN 10 LPII_LPII_Sesión_10 - Sol_LPII_Spring_Ventas] INFO  o.eclipse.m2e.core.internal.Bundles - 	Entry: D:\SpringToolSuite4\plugins\org.eclipse.m2e.maven.runtime_3.9.700.20240602-2313\jars\maven-core-3.9.7.jar
2024-10-18 10:55:56,322 [Worker-13: Launching Executing clean in E__ARCHIVOS_INSTITUTO CIBERTEC CLASES_LENGUAJE DE PROGRAMACIÓN II_CLASES LPII_SESIÓN 10 LPII_LPII_Sesión_10 - Sol_LPII_Spring_Ventas] INFO  o.eclipse.m2e.core.internal.Bundles - 	Entry: D:\SpringToolSuite4\plugins\org.eclipse.m2e.maven.runtime_3.9.700.20240602-2313\jars\maven-embedder-3.9.7.jar
2024-10-18 10:55:56,322 [Worker-13: Launching Executing clean in E__ARCHIVOS_INSTITUTO CIBERTEC CLASES_LENGUAJE DE PROGRAMACIÓN II_CLASES LPII_SESIÓN 10 LPII_LPII_Sesión_10 - Sol_LPII_Spring_Ventas] INFO  o.eclipse.m2e.core.internal.Bundles - 	Entry: D:\SpringToolSuite4\plugins\org.eclipse.m2e.maven.runtime_3.9.700.20240602-2313\jars\maven-model-3.9.7.jar
2024-10-18 10:55:56,322 [Worker-13: Launching Executing clean in E__ARCHIVOS_INSTITUTO CIBERTEC CLASES_LENGUAJE DE PROGRAMACIÓN II_CLASES LPII_SESIÓN 10 LPII_LPII_Sesión_10 - Sol_LPII_Spring_Ventas] INFO  o.eclipse.m2e.core.internal.Bundles - 	Entry: D:\SpringToolSuite4\plugins\org.eclipse.m2e.maven.runtime_3.9.700.20240602-2313\jars\maven-model-builder-3.9.7.jar
2024-10-18 10:55:56,322 [Worker-13: Launching Executing clean in E__ARCHIVOS_INSTITUTO CIBERTEC CLASES_LENGUAJE DE PROGRAMACIÓN II_CLASES LPII_SESIÓN 10 LPII_LPII_Sesión_10 - Sol_LPII_Spring_Ventas] INFO  o.eclipse.m2e.core.internal.Bundles - 	Entry: D:\SpringToolSuite4\plugins\org.eclipse.m2e.maven.runtime_3.9.700.20240602-2313\jars\maven-plugin-api-3.9.7.jar
2024-10-18 10:55:56,322 [Worker-13: Launching Executing clean in E__ARCHIVOS_INSTITUTO CIBERTEC CLASES_LENGUAJE DE PROGRAMACIÓN II_CLASES LPII_SESIÓN 10 LPII_LPII_Sesión_10 - Sol_LPII_Spring_Ventas] INFO  o.eclipse.m2e.core.internal.Bundles - 	Entry: D:\SpringToolSuite4\plugins\org.eclipse.m2e.maven.runtime_3.9.700.20240602-2313\jars\maven-repository-metadata-3.9.7.jar
2024-10-18 10:55:56,322 [Worker-13: Launching Executing clean in E__ARCHIVOS_INSTITUTO CIBERTEC CLASES_LENGUAJE DE PROGRAMACIÓN II_CLASES LPII_SESIÓN 10 LPII_LPII_Sesión_10 - Sol_LPII_Spring_Ventas] INFO  o.eclipse.m2e.core.internal.Bundles - 	Entry: D:\SpringToolSuite4\plugins\org.eclipse.m2e.maven.runtime_3.9.700.20240602-2313\jars\maven-resolver-api-1.9.20.jar
2024-10-18 10:55:56,322 [Worker-13: Launching Executing clean in E__ARCHIVOS_INSTITUTO CIBERTEC CLASES_LENGUAJE DE PROGRAMACIÓN II_CLASES LPII_SESIÓN 10 LPII_LPII_Sesión_10 - Sol_LPII_Spring_Ventas] INFO  o.eclipse.m2e.core.internal.Bundles - 	Entry: D:\SpringToolSuite4\plugins\org.eclipse.m2e.maven.runtime_3.9.700.20240602-2313\jars\maven-resolver-connector-basic-1.9.20.jar
2024-10-18 10:55:56,322 [Worker-13: Launching Executing clean in E__ARCHIVOS_INSTITUTO CIBERTEC CLASES_LENGUAJE DE PROGRAMACIÓN II_CLASES LPII_SESIÓN 10 LPII_LPII_Sesión_10 - Sol_LPII_Spring_Ventas] INFO  o.eclipse.m2e.core.internal.Bundles - 	Entry: D:\SpringToolSuite4\plugins\org.eclipse.m2e.maven.runtime_3.9.700.20240602-2313\jars\maven-resolver-impl-1.9.20.jar
2024-10-18 10:55:56,322 [Worker-13: Launching Executing clean in E__ARCHIVOS_INSTITUTO CIBERTEC CLASES_LENGUAJE DE PROGRAMACIÓN II_CLASES LPII_SESIÓN 10 LPII_LPII_Sesión_10 - Sol_LPII_Spring_Ventas] INFO  o.eclipse.m2e.core.internal.Bundles - 	Entry: D:\SpringToolSuite4\plugins\org.eclipse.m2e.maven.runtime_3.9.700.20240602-2313\jars\maven-resolver-named-locks-1.9.20.jar
2024-10-18 10:55:56,322 [Worker-13: Launching Executing clean in E__ARCHIVOS_INSTITUTO CIBERTEC CLASES_LENGUAJE DE PROGRAMACIÓN II_CLASES LPII_SESIÓN 10 LPII_LPII_Sesión_10 - Sol_LPII_Spring_Ventas] INFO  o.eclipse.m2e.core.internal.Bundles - 	Entry: D:\SpringToolSuite4\plugins\org.eclipse.m2e.maven.runtime_3.9.700.20240602-2313\jars\maven-resolver-provider-3.9.7.jar
2024-10-18 10:55:56,322 [Worker-13: Launching Executing clean in E__ARCHIVOS_INSTITUTO CIBERTEC CLASES_LENGUAJE DE PROGRAMACIÓN II_CLASES LPII_SESIÓN 10 LPII_LPII_Sesión_10 - Sol_LPII_Spring_Ventas] INFO  o.eclipse.m2e.core.internal.Bundles - 	Entry: D:\SpringToolSuite4\plugins\org.eclipse.m2e.maven.runtime_3.9.700.20240602-2313\jars\maven-resolver-spi-1.9.20.jar
2024-10-18 10:55:56,323 [Worker-13: Launching Executing clean in E__ARCHIVOS_INSTITUTO CIBERTEC CLASES_LENGUAJE DE PROGRAMACIÓN II_CLASES LPII_SESIÓN 10 LPII_LPII_Sesión_10 - Sol_LPII_Spring_Ventas] INFO  o.eclipse.m2e.core.internal.Bundles - 	Entry: D:\SpringToolSuite4\plugins\org.eclipse.m2e.maven.runtime_3.9.700.20240602-2313\jars\maven-resolver-transport-file-1.9.20.jar
2024-10-18 10:55:56,323 [Worker-13: Launching Executing clean in E__ARCHIVOS_INSTITUTO CIBERTEC CLASES_LENGUAJE DE PROGRAMACIÓN II_CLASES LPII_SESIÓN 10 LPII_LPII_Sesión_10 - Sol_LPII_Spring_Ventas] INFO  o.eclipse.m2e.core.internal.Bundles - 	Entry: D:\SpringToolSuite4\plugins\org.eclipse.m2e.maven.runtime_3.9.700.20240602-2313\jars\maven-resolver-transport-http-1.9.20.jar
2024-10-18 10:55:56,323 [Worker-13: Launching Executing clean in E__ARCHIVOS_INSTITUTO CIBERTEC CLASES_LENGUAJE DE PROGRAMACIÓN II_CLASES LPII_SESIÓN 10 LPII_LPII_Sesión_10 - Sol_LPII_Spring_Ventas] INFO  o.eclipse.m2e.core.internal.Bundles - 	Entry: D:\SpringToolSuite4\plugins\org.eclipse.m2e.maven.runtime_3.9.700.20240602-2313\jars\maven-resolver-transport-wagon-1.9.20.jar
2024-10-18 10:55:56,323 [Worker-13: Launching Executing clean in E__ARCHIVOS_INSTITUTO CIBERTEC CLASES_LENGUAJE DE PROGRAMACIÓN II_CLASES LPII_SESIÓN 10 LPII_LPII_Sesión_10 - Sol_LPII_Spring_Ventas] INFO  o.eclipse.m2e.core.internal.Bundles - 	Entry: D:\SpringToolSuite4\plugins\org.eclipse.m2e.maven.runtime_3.9.700.20240602-2313\jars\maven-resolver-util-1.9.20.jar
2024-10-18 10:55:56,323 [Worker-13: Launching Executing clean in E__ARCHIVOS_INSTITUTO CIBERTEC CLASES_LENGUAJE DE PROGRAMACIÓN II_CLASES LPII_SESIÓN 10 LPII_LPII_Sesión_10 - Sol_LPII_Spring_Ventas] INFO  o.eclipse.m2e.core.internal.Bundles - 	Entry: D:\SpringToolSuite4\plugins\org.eclipse.m2e.maven.runtime_3.9.700.20240602-2313\jars\maven-settings-3.9.7.jar
2024-10-18 10:55:56,323 [Worker-13: Launching Executing clean in E__ARCHIVOS_INSTITUTO CIBERTEC CLASES_LENGUAJE DE PROGRAMACIÓN II_CLASES LPII_SESIÓN 10 LPII_LPII_Sesión_10 - Sol_LPII_Spring_Ventas] INFO  o.eclipse.m2e.core.internal.Bundles - 	Entry: D:\SpringToolSuite4\plugins\org.eclipse.m2e.maven.runtime_3.9.700.20240602-2313\jars\maven-settings-builder-3.9.7.jar
2024-10-18 10:55:56,323 [Worker-13: Launching Executing clean in E__ARCHIVOS_INSTITUTO CIBERTEC CLASES_LENGUAJE DE PROGRAMACIÓN II_CLASES LPII_SESIÓN 10 LPII_LPII_Sesión_10 - Sol_LPII_Spring_Ventas] INFO  o.eclipse.m2e.core.internal.Bundles - 	Entry: D:\SpringToolSuite4\plugins\org.eclipse.m2e.maven.runtime_3.9.700.20240602-2313\jars\maven-shared-utils-3.4.2.jar
2024-10-18 10:55:56,323 [Worker-13: Launching Executing clean in E__ARCHIVOS_INSTITUTO CIBERTEC CLASES_LENGUAJE DE PROGRAMACIÓN II_CLASES LPII_SESIÓN 10 LPII_LPII_Sesión_10 - Sol_LPII_Spring_Ventas] INFO  o.eclipse.m2e.core.internal.Bundles - 	Entry: D:\SpringToolSuite4\plugins\org.eclipse.m2e.maven.runtime_3.9.700.20240602-2313\jars\org.eclipse.sisu.inject-0.9.0.M2.jar
2024-10-18 10:55:56,323 [Worker-13: Launching Executing clean in E__ARCHIVOS_INSTITUTO CIBERTEC CLASES_LENGUAJE DE PROGRAMACIÓN II_CLASES LPII_SESIÓN 10 LPII_LPII_Sesión_10 - Sol_LPII_Spring_Ventas] INFO  o.eclipse.m2e.core.internal.Bundles - 	Entry: D:\SpringToolSuite4\plugins\org.eclipse.m2e.maven.runtime_3.9.700.20240602-2313\jars\org.eclipse.sisu.plexus-0.9.0.M2.jar
2024-10-18 10:55:56,323 [Worker-13: Launching Executing clean in E__ARCHIVOS_INSTITUTO CIBERTEC CLASES_LENGUAJE DE PROGRAMACIÓN II_CLASES LPII_SESIÓN 10 LPII_LPII_Sesión_10 - Sol_LPII_Spring_Ventas] INFO  o.eclipse.m2e.core.internal.Bundles - 	Entry: D:\SpringToolSuite4\plugins\org.eclipse.m2e.maven.runtime_3.9.700.20240602-2313\jars\plexus-build-api-0.0.7.jar
2024-10-18 10:55:56,323 [Worker-13: Launching Executing clean in E__ARCHIVOS_INSTITUTO CIBERTEC CLASES_LENGUAJE DE PROGRAMACIÓN II_CLASES LPII_SESIÓN 10 LPII_LPII_Sesión_10 - Sol_LPII_Spring_Ventas] INFO  o.eclipse.m2e.core.internal.Bundles - 	Entry: D:\SpringToolSuite4\plugins\org.eclipse.m2e.maven.runtime_3.9.700.20240602-2313\jars\plexus-build-api-1.2.0.jar
2024-10-18 10:55:56,323 [Worker-13: Launching Executing clean in E__ARCHIVOS_INSTITUTO CIBERTEC CLASES_LENGUAJE DE PROGRAMACIÓN II_CLASES LPII_SESIÓN 10 LPII_LPII_Sesión_10 - Sol_LPII_Spring_Ventas] INFO  o.eclipse.m2e.core.internal.Bundles - 	Entry: D:\SpringToolSuite4\plugins\org.eclipse.m2e.maven.runtime_3.9.700.20240602-2313\jars\plexus-cipher-2.0.jar
2024-10-18 10:55:56,323 [Worker-13: Launching Executing clean in E__ARCHIVOS_INSTITUTO CIBERTEC CLASES_LENGUAJE DE PROGRAMACIÓN II_CLASES LPII_SESIÓN 10 LPII_LPII_Sesión_10 - Sol_LPII_Spring_Ventas] INFO  o.eclipse.m2e.core.internal.Bundles - 	Entry: D:\SpringToolSuite4\plugins\org.eclipse.m2e.maven.runtime_3.9.700.20240602-2313\jars\plexus-classworlds-2.8.0.jar
2024-10-18 10:55:56,323 [Worker-13: Launching Executing clean in E__ARCHIVOS_INSTITUTO CIBERTEC CLASES_LENGUAJE DE PROGRAMACIÓN II_CLASES LPII_SESIÓN 10 LPII_LPII_Sesión_10 - Sol_LPII_Spring_Ventas] INFO  o.eclipse.m2e.core.internal.Bundles - 	Entry: D:\SpringToolSuite4\plugins\org.eclipse.m2e.maven.runtime_3.9.700.20240602-2313\jars\plexus-component-annotations-2.1.0.jar
2024-10-18 10:55:56,324 [Worker-13: Launching Executing clean in E__ARCHIVOS_INSTITUTO CIBERTEC CLASES_LENGUAJE DE PROGRAMACIÓN II_CLASES LPII_SESIÓN 10 LPII_LPII_Sesión_10 - Sol_LPII_Spring_Ventas] INFO  o.eclipse.m2e.core.internal.Bundles - 	Entry: D:\SpringToolSuite4\plugins\org.eclipse.m2e.maven.runtime_3.9.700.20240602-2313\jars\plexus-interpolation-1.27.jar
2024-10-18 10:55:56,324 [Worker-13: Launching Executing clean in E__ARCHIVOS_INSTITUTO CIBERTEC CLASES_LENGUAJE DE PROGRAMACIÓN II_CLASES LPII_SESIÓN 10 LPII_LPII_Sesión_10 - Sol_LPII_Spring_Ventas] INFO  o.eclipse.m2e.core.internal.Bundles - 	Entry: D:\SpringToolSuite4\plugins\org.eclipse.m2e.maven.runtime_3.9.700.20240602-2313\jars\plexus-sec-dispatcher-2.0.jar
2024-10-18 10:55:56,324 [Worker-13: Launching Executing clean in E__ARCHIVOS_INSTITUTO CIBERTEC CLASES_LENGUAJE DE PROGRAMACIÓN II_CLASES LPII_SESIÓN 10 LPII_LPII_Sesión_10 - Sol_LPII_Spring_Ventas] INFO  o.eclipse.m2e.core.internal.Bundles - 	Entry: D:\SpringToolSuite4\plugins\org.eclipse.m2e.maven.runtime_3.9.700.20240602-2313\jars\plexus-utils-3.5.1.jar
2024-10-18 10:55:56,324 [Worker-13: Launching Executing clean in E__ARCHIVOS_INSTITUTO CIBERTEC CLASES_LENGUAJE DE PROGRAMACIÓN II_CLASES LPII_SESIÓN 10 LPII_LPII_Sesión_10 - Sol_LPII_Spring_Ventas] INFO  o.eclipse.m2e.core.internal.Bundles - 	Entry: D:\SpringToolSuite4\plugins\org.eclipse.m2e.maven.runtime_3.9.700.20240602-2313\jars\wagon-file-3.5.3.jar
2024-10-18 10:55:56,324 [Worker-13: Launching Executing clean in E__ARCHIVOS_INSTITUTO CIBERTEC CLASES_LENGUAJE DE PROGRAMACIÓN II_CLASES LPII_SESIÓN 10 LPII_LPII_Sesión_10 - Sol_LPII_Spring_Ventas] INFO  o.eclipse.m2e.core.internal.Bundles - 	Entry: D:\SpringToolSuite4\plugins\org.eclipse.m2e.maven.runtime_3.9.700.20240602-2313\jars\wagon-http-3.5.3.jar
2024-10-18 10:55:56,324 [Worker-13: Launching Executing clean in E__ARCHIVOS_INSTITUTO CIBERTEC CLASES_LENGUAJE DE PROGRAMACIÓN II_CLASES LPII_SESIÓN 10 LPII_LPII_Sesión_10 - Sol_LPII_Spring_Ventas] INFO  o.eclipse.m2e.core.internal.Bundles - 	Entry: D:\SpringToolSuite4\plugins\org.eclipse.m2e.maven.runtime_3.9.700.20240602-2313\jars\wagon-http-shared-3.5.3.jar
2024-10-18 10:55:56,324 [Worker-13: Launching Executing clean in E__ARCHIVOS_INSTITUTO CIBERTEC CLASES_LENGUAJE DE PROGRAMACIÓN II_CLASES LPII_SESIÓN 10 LPII_LPII_Sesión_10 - Sol_LPII_Spring_Ventas] INFO  o.eclipse.m2e.core.internal.Bundles - 	Entry: D:\SpringToolSuite4\plugins\org.eclipse.m2e.maven.runtime_3.9.700.20240602-2313\jars\wagon-provider-api-3.5.3.jar
2024-10-18 10:55:56,325 [Worker-13: Launching Executing clean in E__ARCHIVOS_INSTITUTO CIBERTEC CLASES_LENGUAJE DE PROGRAMACIÓN II_CLASES LPII_SESIÓN 10 LPII_LPII_Sesión_10 - Sol_LPII_Spring_Ventas] INFO  o.eclipse.m2e.core.internal.Bundles - getClasspathEntries(Bundle=com.google.guava_33.2.0.jre [29])
2024-10-18 10:55:56,325 [Worker-13: Launching Executing clean in E__ARCHIVOS_INSTITUTO CIBERTEC CLASES_LENGUAJE DE PROGRAMACIÓN II_CLASES LPII_SESIÓN 10 LPII_LPII_Sesión_10 - Sol_LPII_Spring_Ventas] INFO  o.eclipse.m2e.core.internal.Bundles - 	Entry: D:\SpringToolSuite4\plugins\com.google.guava_33.2.0.jre.jar
2024-10-18 10:55:56,325 [Worker-13: Launching Executing clean in E__ARCHIVOS_INSTITUTO CIBERTEC CLASES_LENGUAJE DE PROGRAMACIÓN II_CLASES LPII_SESIÓN 10 LPII_LPII_Sesión_10 - Sol_LPII_Spring_Ventas] INFO  o.eclipse.m2e.core.internal.Bundles - getClasspathEntries(Bundle=slf4j.api_2.0.13 [590])
2024-10-18 10:55:56,325 [Worker-13: Launching Executing clean in E__ARCHIVOS_INSTITUTO CIBERTEC CLASES_LENGUAJE DE PROGRAMACIÓN II_CLASES LPII_SESIÓN 10 LPII_LPII_Sesión_10 - Sol_LPII_Spring_Ventas] INFO  o.eclipse.m2e.core.internal.Bundles - 	Entry: D:\SpringToolSuite4\plugins\slf4j.api_2.0.13.jar
2024-10-18 10:55:56,325 [Worker-13: Launching Executing clean in E__ARCHIVOS_INSTITUTO CIBERTEC CLASES_LENGUAJE DE PROGRAMACIÓN II_CLASES LPII_SESIÓN 10 LPII_LPII_Sesión_10 - Sol_LPII_Spring_Ventas] INFO  o.eclipse.m2e.core.internal.Bundles - getClasspathEntries(Bundle=jakarta.inject.jakarta.inject-api_1.0.5 [44])
2024-10-18 10:55:56,325 [Worker-13: Launching Executing clean in E__ARCHIVOS_INSTITUTO CIBERTEC CLASES_LENGUAJE DE PROGRAMACIÓN II_CLASES LPII_SESIÓN 10 LPII_LPII_Sesión_10 - Sol_LPII_Spring_Ventas] INFO  o.eclipse.m2e.core.internal.Bundles - 	Entry: D:\SpringToolSuite4\plugins\jakarta.inject.jakarta.inject-api_1.0.5.jar
2024-10-18 10:55:56,325 [Worker-13: Launching Executing clean in E__ARCHIVOS_INSTITUTO CIBERTEC CLASES_LENGUAJE DE PROGRAMACIÓN II_CLASES LPII_SESIÓN 10 LPII_LPII_Sesión_10 - Sol_LPII_Spring_Ventas] INFO  o.eclipse.m2e.core.internal.Bundles - getClasspathEntries(Bundle=javax.annotation_1.3.5.v20200909-1856 [53])
2024-10-18 10:55:56,325 [Worker-13: Launching Executing clean in E__ARCHIVOS_INSTITUTO CIBERTEC CLASES_LENGUAJE DE PROGRAMACIÓN II_CLASES LPII_SESIÓN 10 LPII_LPII_Sesión_10 - Sol_LPII_Spring_Ventas] INFO  o.eclipse.m2e.core.internal.Bundles - 	Entry: D:\SpringToolSuite4\plugins\javax.annotation_1.3.5.v20200909-1856.jar
2024-10-18 10:55:56,325 [Worker-13: Launching Executing clean in E__ARCHIVOS_INSTITUTO CIBERTEC CLASES_LENGUAJE DE PROGRAMACIÓN II_CLASES LPII_SESIÓN 10 LPII_LPII_Sesión_10 - Sol_LPII_Spring_Ventas] INFO  o.eclipse.m2e.core.internal.Bundles - getClasspathEntries(Bundle=org.apache.commons.cli_1.8.0 [76])
2024-10-18 10:55:56,326 [Worker-13: Launching Executing clean in E__ARCHIVOS_INSTITUTO CIBERTEC CLASES_LENGUAJE DE PROGRAMACIÓN II_CLASES LPII_SESIÓN 10 LPII_LPII_Sesión_10 - Sol_LPII_Spring_Ventas] INFO  o.eclipse.m2e.core.internal.Bundles - 	Entry: D:\SpringToolSuite4\plugins\org.apache.commons.cli_1.8.0.jar
2024-10-18 10:55:56,326 [Worker-13: Launching Executing clean in E__ARCHIVOS_INSTITUTO CIBERTEC CLASES_LENGUAJE DE PROGRAMACIÓN II_CLASES LPII_SESIÓN 10 LPII_LPII_Sesión_10 - Sol_LPII_Spring_Ventas] INFO  o.eclipse.m2e.core.internal.Bundles - getClasspathEntries(Bundle=org.apache.commons.commons-codec_1.16.0 [78])
2024-10-18 10:55:56,326 [Worker-13: Launching Executing clean in E__ARCHIVOS_INSTITUTO CIBERTEC CLASES_LENGUAJE DE PROGRAMACIÓN II_CLASES LPII_SESIÓN 10 LPII_LPII_Sesión_10 - Sol_LPII_Spring_Ventas] INFO  o.eclipse.m2e.core.internal.Bundles - 	Entry: D:\SpringToolSuite4\plugins\org.apache.commons.commons-codec_1.16.0.jar
2024-10-18 10:55:56,326 [Worker-13: Launching Executing clean in E__ARCHIVOS_INSTITUTO CIBERTEC CLASES_LENGUAJE DE PROGRAMACIÓN II_CLASES LPII_SESIÓN 10 LPII_LPII_Sesión_10 - Sol_LPII_Spring_Ventas] INFO  o.eclipse.m2e.core.internal.Bundles - getClasspathEntries(Bundle=org.apache.commons.lang3_3.14.0 [82])
2024-10-18 10:55:56,326 [Worker-13: Launching Executing clean in E__ARCHIVOS_INSTITUTO CIBERTEC CLASES_LENGUAJE DE PROGRAMACIÓN II_CLASES LPII_SESIÓN 10 LPII_LPII_Sesión_10 - Sol_LPII_Spring_Ventas] INFO  o.eclipse.m2e.core.internal.Bundles - 	Entry: D:\SpringToolSuite4\plugins\org.apache.commons.lang3_3.14.0.jar
2024-10-18 10:55:56,326 [Worker-13: Launching Executing clean in E__ARCHIVOS_INSTITUTO CIBERTEC CLASES_LENGUAJE DE PROGRAMACIÓN II_CLASES LPII_SESIÓN 10 LPII_LPII_Sesión_10 - Sol_LPII_Spring_Ventas] INFO  o.eclipse.m2e.core.internal.Bundles - getClasspathEntries(Bundle=com.google.guava.failureaccess_1.0.2 [30])
2024-10-18 10:55:56,326 [Worker-13: Launching Executing clean in E__ARCHIVOS_INSTITUTO CIBERTEC CLASES_LENGUAJE DE PROGRAMACIÓN II_CLASES LPII_SESIÓN 10 LPII_LPII_Sesión_10 - Sol_LPII_Spring_Ventas] INFO  o.eclipse.m2e.core.internal.Bundles - 	Entry: D:\SpringToolSuite4\plugins\com.google.guava.failureaccess_1.0.2.jar
2024-10-18 10:55:56,421 [Worker-13: Launching Executing clean in E__ARCHIVOS_INSTITUTO CIBERTEC CLASES_LENGUAJE DE PROGRAMACIÓN II_CLASES LPII_SESIÓN 10 LPII_LPII_Sesión_10 - Sol_LPII_Spring_Ventas] INFO  o.e.m.i.launch.MavenLaunchDelegate - Run build in "E:\ARCHIVOS\INSTITUTO CIBERTEC CLASES\LENGUAJE DE PROGRAMACIÓN II\CLASES LPII\SESIÓN 10 LPII\LPII_Sesión_10 - Sol\LPII_Spring_Ventas":
2024-10-18 10:55:56,423 [Worker-13: Launching Executing clean in E__ARCHIVOS_INSTITUTO CIBERTEC CLASES_LENGUAJE DE PROGRAMACIÓN II_CLASES LPII_SESIÓN 10 LPII_LPII_Sesión_10 - Sol_LPII_Spring_Ventas] INFO  o.e.m.i.launch.MavenLaunchDelegate -  mvn  -Ppom.xml -B -Dstyle.color=always clean
2024-10-18 10:55:59,931 [Worker-18: Building] INFO  o.e.m.c.i.embedder.EclipseLogger - Using 'UTF-8' encoding to copy filtered resources.
2024-10-18 10:55:59,931 [Worker-18: Building] INFO  o.e.m.c.i.embedder.EclipseLogger - Using 'UTF-8' encoding to copy filtered properties files.
2024-10-18 10:55:59,931 [Worker-18: Building] INFO  o.e.m.c.i.embedder.EclipseLogger - Copying 1 resource
2024-10-18 10:55:59,934 [Worker-18: Building] INFO  o.e.m.c.i.embedder.EclipseLogger - Copying 15 resources
2024-10-18 10:55:59,984 [Worker-18: Building] INFO  o.e.m.c.i.embedder.EclipseLogger - Using 'UTF-8' encoding to copy filtered resources.
2024-10-18 10:55:59,984 [Worker-18: Building] INFO  o.e.m.c.i.embedder.EclipseLogger - Using 'UTF-8' encoding to copy filtered properties files.
2024-10-18 10:55:59,984 [Worker-18: Building] INFO  o.e.m.c.i.embedder.EclipseLogger - skip non existing resourceDirectory E:\ARCHIVOS\INSTITUTO CIBERTEC CLASES\LENGUAJE DE PROGRAMACIÓN II\CLASES LPII\SESIÓN 10 LPII\LPII_Sesión_10 - Sol\LPII_Spring_Ventas\src\test\resources
2024-10-18 10:56:00,085 [Worker-18: Building] INFO  o.e.m.w.i.f.ResourceFilteringBuildParticipant - Changed resources require a complete clean of filtered resources of LPII_Spring_Ventas
2024-10-18 10:56:00,085 [Worker-18: Building] INFO  o.e.m.w.i.f.ResourceFilteringBuildParticipant - Executing resource filtering for LPII_Spring_Ventas
2024-10-18 10:56:23,773 [Worker-7: Updating Maven Project] INFO  o.e.m.c.i.p.ProjectConfigurationManager - Update started
2024-10-18 10:56:24,599 [Worker-7: Updating Maven Project] INFO  o.e.m.c.i.e.AbstractTransferListenerAdapter - Downloading https://repo.maven.apache.org/maven2/org/apache/maven/plugins/maven-install-plugin/2.5.2/maven-install-plugin-2.5.2.jar
2024-10-18 10:56:24,619 [Worker-7: Updating Maven Project] INFO  o.e.m.c.i.e.AbstractTransferListenerAdapter - Downloaded https://repo.maven.apache.org/maven2/org/apache/maven/plugins/maven-install-plugin/2.5.2/maven-install-plugin-2.5.2.jar
2024-10-18 10:56:24,647 [Worker-7: Updating Maven Project] INFO  o.e.m.c.i.e.AbstractTransferListenerAdapter - Downloading https://repo.maven.apache.org/maven2/org/apache/maven/plugins/maven-deploy-plugin/2.8.2/maven-deploy-plugin-2.8.2.jar
2024-10-18 10:56:24,653 [Worker-7: Updating Maven Project] INFO  o.e.m.c.i.e.AbstractTransferListenerAdapter - Downloaded https://repo.maven.apache.org/maven2/org/apache/maven/plugins/maven-deploy-plugin/2.8.2/maven-deploy-plugin-2.8.2.jar
2024-10-18 10:56:24,878 [Worker-7: Updating Maven Project] INFO  o.e.m.c.i.e.AbstractTransferListenerAdapter - Downloading https://repo.maven.apache.org/maven2/org/apache/maven/maven-plugin-api/2.2.1/maven-plugin-api-2.2.1.pom
2024-10-18 10:56:24,883 [Worker-7: Updating Maven Project] INFO  o.e.m.c.i.e.AbstractTransferListenerAdapter - Downloaded https://repo.maven.apache.org/maven2/org/apache/maven/maven-plugin-api/2.2.1/maven-plugin-api-2.2.1.pom
2024-10-18 10:56:24,891 [Worker-7: Updating Maven Project] INFO  o.e.m.c.i.e.AbstractTransferListenerAdapter - Downloading https://repo.maven.apache.org/maven2/org/apache/maven/maven/2.2.1/maven-2.2.1.pom
2024-10-18 10:56:24,896 [Worker-7: Updating Maven Project] INFO  o.e.m.c.i.e.AbstractTransferListenerAdapter - Downloaded https://repo.maven.apache.org/maven2/org/apache/maven/maven/2.2.1/maven-2.2.1.pom
2024-10-18 10:56:24,903 [Worker-7: Updating Maven Project] INFO  o.e.m.c.i.e.AbstractTransferListenerAdapter - Downloading https://repo.maven.apache.org/maven2/org/apache/maven/maven-parent/11/maven-parent-11.pom
2024-10-18 10:56:24,908 [Worker-7: Updating Maven Project] INFO  o.e.m.c.i.e.AbstractTransferListenerAdapter - Downloaded https://repo.maven.apache.org/maven2/org/apache/maven/maven-parent/11/maven-parent-11.pom
2024-10-18 10:56:24,916 [Worker-7: Updating Maven Project] INFO  o.e.m.c.i.e.AbstractTransferListenerAdapter - Downloading https://repo.maven.apache.org/maven2/org/apache/apache/5/apache-5.pom
2024-10-18 10:56:24,920 [Worker-7: Updating Maven Project] INFO  o.e.m.c.i.e.AbstractTransferListenerAdapter - Downloaded https://repo.maven.apache.org/maven2/org/apache/apache/5/apache-5.pom
2024-10-18 10:56:24,927 [Worker-7: Updating Maven Project] INFO  o.e.m.c.i.e.AbstractTransferListenerAdapter - Downloading https://repo.maven.apache.org/maven2/org/apache/maven/maven-core/2.2.1/maven-core-2.2.1.pom
2024-10-18 10:56:24,932 [Worker-7: Updating Maven Project] INFO  o.e.m.c.i.e.AbstractTransferListenerAdapter - Downloaded https://repo.maven.apache.org/maven2/org/apache/maven/maven-core/2.2.1/maven-core-2.2.1.pom
2024-10-18 10:56:24,940 [Worker-7: Updating Maven Project] INFO  o.e.m.c.i.e.AbstractTransferListenerAdapter - Downloading https://repo.maven.apache.org/maven2/org/apache/maven/maven-settings/2.2.1/maven-settings-2.2.1.pom
2024-10-18 10:56:24,946 [Worker-7: Updating Maven Project] INFO  o.e.m.c.i.e.AbstractTransferListenerAdapter - Downloaded https://repo.maven.apache.org/maven2/org/apache/maven/maven-settings/2.2.1/maven-settings-2.2.1.pom
2024-10-18 10:56:24,953 [Worker-7: Updating Maven Project] INFO  o.e.m.c.i.e.AbstractTransferListenerAdapter - Downloading https://repo.maven.apache.org/maven2/org/apache/maven/maven-model/2.2.1/maven-model-2.2.1.pom
2024-10-18 10:56:24,958 [Worker-7: Updating Maven Project] INFO  o.e.m.c.i.e.AbstractTransferListenerAdapter - Downloaded https://repo.maven.apache.org/maven2/org/apache/maven/maven-model/2.2.1/maven-model-2.2.1.pom
2024-10-18 10:56:24,965 [Worker-7: Updating Maven Project] INFO  o.e.m.c.i.e.AbstractTransferListenerAdapter - Downloading https://repo.maven.apache.org/maven2/org/codehaus/plexus/plexus-utils/1.5.15/plexus-utils-1.5.15.pom
2024-10-18 10:56:24,971 [Worker-7: Updating Maven Project] INFO  o.e.m.c.i.e.AbstractTransferListenerAdapter - Downloaded https://repo.maven.apache.org/maven2/org/codehaus/plexus/plexus-utils/1.5.15/plexus-utils-1.5.15.pom
2024-10-18 10:56:24,979 [Worker-7: Updating Maven Project] INFO  o.e.m.c.i.e.AbstractTransferListenerAdapter - Downloading https://repo.maven.apache.org/maven2/org/codehaus/plexus/plexus-interpolation/1.11/plexus-interpolation-1.11.pom
2024-10-18 10:56:24,983 [Worker-7: Updating Maven Project] INFO  o.e.m.c.i.e.AbstractTransferListenerAdapter - Downloaded https://repo.maven.apache.org/maven2/org/codehaus/plexus/plexus-interpolation/1.11/plexus-interpolation-1.11.pom
2024-10-18 10:56:24,990 [Worker-7: Updating Maven Project] INFO  o.e.m.c.i.e.AbstractTransferListenerAdapter - Downloading https://repo.maven.apache.org/maven2/org/codehaus/plexus/plexus-components/1.1.14/plexus-components-1.1.14.pom
2024-10-18 10:56:24,994 [Worker-7: Updating Maven Project] INFO  o.e.m.c.i.e.AbstractTransferListenerAdapter - Downloaded https://repo.maven.apache.org/maven2/org/codehaus/plexus/plexus-components/1.1.14/plexus-components-1.1.14.pom
2024-10-18 10:56:25,001 [Worker-7: Updating Maven Project] INFO  o.e.m.c.i.e.AbstractTransferListenerAdapter - Downloading https://repo.maven.apache.org/maven2/org/apache/maven/maven-plugin-parameter-documenter/2.2.1/maven-plugin-parameter-documenter-2.2.1.pom
2024-10-18 10:56:25,006 [Worker-7: Updating Maven Project] INFO  o.e.m.c.i.e.AbstractTransferListenerAdapter - Downloaded https://repo.maven.apache.org/maven2/org/apache/maven/maven-plugin-parameter-documenter/2.2.1/maven-plugin-parameter-documenter-2.2.1.pom
2024-10-18 10:56:25,013 [Worker-7: Updating Maven Project] INFO  o.e.m.c.i.e.AbstractTransferListenerAdapter - Downloading https://repo.maven.apache.org/maven2/org/slf4j/slf4j-jdk14/1.5.6/slf4j-jdk14-1.5.6.pom
2024-10-18 10:56:25,017 [Worker-7: Updating Maven Project] INFO  o.e.m.c.i.e.AbstractTransferListenerAdapter - Downloaded https://repo.maven.apache.org/maven2/org/slf4j/slf4j-jdk14/1.5.6/slf4j-jdk14-1.5.6.pom
2024-10-18 10:56:25,024 [Worker-7: Updating Maven Project] INFO  o.e.m.c.i.e.AbstractTransferListenerAdapter - Downloading https://repo.maven.apache.org/maven2/org/slf4j/slf4j-parent/1.5.6/slf4j-parent-1.5.6.pom
2024-10-18 10:56:25,029 [Worker-7: Updating Maven Project] INFO  o.e.m.c.i.e.AbstractTransferListenerAdapter - Downloaded https://repo.maven.apache.org/maven2/org/slf4j/slf4j-parent/1.5.6/slf4j-parent-1.5.6.pom
2024-10-18 10:56:25,036 [Worker-7: Updating Maven Project] INFO  o.e.m.c.i.e.AbstractTransferListenerAdapter - Downloading https://repo.maven.apache.org/maven2/org/slf4j/slf4j-api/1.5.6/slf4j-api-1.5.6.pom
2024-10-18 10:56:25,040 [Worker-7: Updating Maven Project] INFO  o.e.m.c.i.e.AbstractTransferListenerAdapter - Downloaded https://repo.maven.apache.org/maven2/org/slf4j/slf4j-api/1.5.6/slf4j-api-1.5.6.pom
2024-10-18 10:56:25,047 [Worker-7: Updating Maven Project] INFO  o.e.m.c.i.e.AbstractTransferListenerAdapter - Downloading https://repo.maven.apache.org/maven2/org/slf4j/jcl-over-slf4j/1.5.6/jcl-over-slf4j-1.5.6.pom
2024-10-18 10:56:25,051 [Worker-7: Updating Maven Project] INFO  o.e.m.c.i.e.AbstractTransferListenerAdapter - Downloaded https://repo.maven.apache.org/maven2/org/slf4j/jcl-over-slf4j/1.5.6/jcl-over-slf4j-1.5.6.pom
2024-10-18 10:56:25,058 [Worker-7: Updating Maven Project] INFO  o.e.m.c.i.e.AbstractTransferListenerAdapter - Downloading https://repo.maven.apache.org/maven2/org/apache/maven/maven-profile/2.2.1/maven-profile-2.2.1.pom
2024-10-18 10:56:25,062 [Worker-7: Updating Maven Project] INFO  o.e.m.c.i.e.AbstractTransferListenerAdapter - Downloaded https://repo.maven.apache.org/maven2/org/apache/maven/maven-profile/2.2.1/maven-profile-2.2.1.pom
2024-10-18 10:56:25,070 [Worker-7: Updating Maven Project] INFO  o.e.m.c.i.e.AbstractTransferListenerAdapter - Downloading https://repo.maven.apache.org/maven2/org/apache/maven/maven-artifact/2.2.1/maven-artifact-2.2.1.pom
2024-10-18 10:56:25,074 [Worker-7: Updating Maven Project] INFO  o.e.m.c.i.e.AbstractTransferListenerAdapter - Downloaded https://repo.maven.apache.org/maven2/org/apache/maven/maven-artifact/2.2.1/maven-artifact-2.2.1.pom
2024-10-18 10:56:25,082 [Worker-7: Updating Maven Project] INFO  o.e.m.c.i.e.AbstractTransferListenerAdapter - Downloading https://repo.maven.apache.org/maven2/org/apache/maven/maven-repository-metadata/2.2.1/maven-repository-metadata-2.2.1.pom
2024-10-18 10:56:25,086 [Worker-7: Updating Maven Project] INFO  o.e.m.c.i.e.AbstractTransferListenerAdapter - Downloaded https://repo.maven.apache.org/maven2/org/apache/maven/maven-repository-metadata/2.2.1/maven-repository-metadata-2.2.1.pom
2024-10-18 10:56:25,094 [Worker-7: Updating Maven Project] INFO  o.e.m.c.i.e.AbstractTransferListenerAdapter - Downloading https://repo.maven.apache.org/maven2/org/apache/maven/maven-error-diagnostics/2.2.1/maven-error-diagnostics-2.2.1.pom
2024-10-18 10:56:25,099 [Worker-7: Updating Maven Project] INFO  o.e.m.c.i.e.AbstractTransferListenerAdapter - Downloaded https://repo.maven.apache.org/maven2/org/apache/maven/maven-error-diagnostics/2.2.1/maven-error-diagnostics-2.2.1.pom
2024-10-18 10:56:25,106 [Worker-7: Updating Maven Project] INFO  o.e.m.c.i.e.AbstractTransferListenerAdapter - Downloading https://repo.maven.apache.org/maven2/org/apache/maven/maven-project/2.2.1/maven-project-2.2.1.pom
2024-10-18 10:56:25,110 [Worker-7: Updating Maven Project] INFO  o.e.m.c.i.e.AbstractTransferListenerAdapter - Downloaded https://repo.maven.apache.org/maven2/org/apache/maven/maven-project/2.2.1/maven-project-2.2.1.pom
2024-10-18 10:56:25,118 [Worker-7: Updating Maven Project] INFO  o.e.m.c.i.e.AbstractTransferListenerAdapter - Downloading https://repo.maven.apache.org/maven2/org/apache/maven/maven-artifact-manager/2.2.1/maven-artifact-manager-2.2.1.pom
2024-10-18 10:56:25,123 [Worker-7: Updating Maven Project] INFO  o.e.m.c.i.e.AbstractTransferListenerAdapter - Downloaded https://repo.maven.apache.org/maven2/org/apache/maven/maven-artifact-manager/2.2.1/maven-artifact-manager-2.2.1.pom
2024-10-18 10:56:25,130 [Worker-7: Updating Maven Project] INFO  o.e.m.c.i.e.AbstractTransferListenerAdapter - Downloading https://repo.maven.apache.org/maven2/backport-util-concurrent/backport-util-concurrent/3.1/backport-util-concurrent-3.1.pom
2024-10-18 10:56:25,135 [Worker-7: Updating Maven Project] INFO  o.e.m.c.i.e.AbstractTransferListenerAdapter - Downloaded https://repo.maven.apache.org/maven2/backport-util-concurrent/backport-util-concurrent/3.1/backport-util-concurrent-3.1.pom
2024-10-18 10:56:25,142 [Worker-7: Updating Maven Project] INFO  o.e.m.c.i.e.AbstractTransferListenerAdapter - Downloading https://repo.maven.apache.org/maven2/org/apache/maven/maven-plugin-registry/2.2.1/maven-plugin-registry-2.2.1.pom
2024-10-18 10:56:25,147 [Worker-7: Updating Maven Project] INFO  o.e.m.c.i.e.AbstractTransferListenerAdapter - Downloaded https://repo.maven.apache.org/maven2/org/apache/maven/maven-plugin-registry/2.2.1/maven-plugin-registry-2.2.1.pom
2024-10-18 10:56:25,155 [Worker-7: Updating Maven Project] INFO  o.e.m.c.i.e.AbstractTransferListenerAdapter - Downloading https://repo.maven.apache.org/maven2/org/apache/maven/maven-plugin-descriptor/2.2.1/maven-plugin-descriptor-2.2.1.pom
2024-10-18 10:56:25,160 [Worker-7: Updating Maven Project] INFO  o.e.m.c.i.e.AbstractTransferListenerAdapter - Downloaded https://repo.maven.apache.org/maven2/org/apache/maven/maven-plugin-descriptor/2.2.1/maven-plugin-descriptor-2.2.1.pom
2024-10-18 10:56:25,235 [Worker-7: Updating Maven Project] INFO  o.e.m.c.i.e.AbstractTransferListenerAdapter - Downloading https://repo.maven.apache.org/maven2/org/apache/maven/maven-monitor/2.2.1/maven-monitor-2.2.1.pom
2024-10-18 10:56:25,240 [Worker-7: Updating Maven Project] INFO  o.e.m.c.i.e.AbstractTransferListenerAdapter - Downloaded https://repo.maven.apache.org/maven2/org/apache/maven/maven-monitor/2.2.1/maven-monitor-2.2.1.pom
2024-10-18 10:56:25,247 [Worker-7: Updating Maven Project] INFO  o.e.m.c.i.e.AbstractTransferListenerAdapter - Downloading https://repo.maven.apache.org/maven2/org/apache/maven/shared/maven-shared-utils/0.1/maven-shared-utils-0.1.pom
2024-10-18 10:56:25,251 [Worker-7: Updating Maven Project] INFO  o.e.m.c.i.e.AbstractTransferListenerAdapter - Downloaded https://repo.maven.apache.org/maven2/org/apache/maven/shared/maven-shared-utils/0.1/maven-shared-utils-0.1.pom
2024-10-18 10:56:25,258 [Worker-7: Updating Maven Project] INFO  o.e.m.c.i.e.AbstractTransferListenerAdapter - Downloading https://repo.maven.apache.org/maven2/org/apache/maven/shared/maven-shared-components/18/maven-shared-components-18.pom
2024-10-18 10:56:25,263 [Worker-7: Updating Maven Project] INFO  o.e.m.c.i.e.AbstractTransferListenerAdapter - Downloaded https://repo.maven.apache.org/maven2/org/apache/maven/shared/maven-shared-components/18/maven-shared-components-18.pom
2024-10-18 10:56:25,270 [Worker-7: Updating Maven Project] INFO  o.e.m.c.i.e.AbstractTransferListenerAdapter - Downloading https://repo.maven.apache.org/maven2/org/apache/maven/maven-parent/22/maven-parent-22.pom
2024-10-18 10:56:25,275 [Worker-7: Updating Maven Project] INFO  o.e.m.c.i.e.AbstractTransferListenerAdapter - Downloaded https://repo.maven.apache.org/maven2/org/apache/maven/maven-parent/22/maven-parent-22.pom
2024-10-18 10:56:25,282 [Worker-7: Updating Maven Project] INFO  o.e.m.c.i.e.AbstractTransferListenerAdapter - Downloading https://repo.maven.apache.org/maven2/org/apache/apache/11/apache-11.pom
2024-10-18 10:56:25,286 [Worker-7: Updating Maven Project] INFO  o.e.m.c.i.e.AbstractTransferListenerAdapter - Downloaded https://repo.maven.apache.org/maven2/org/apache/apache/11/apache-11.pom
2024-10-18 10:56:25,295 [Worker-7: Updating Maven Project] INFO  o.e.m.c.i.e.AbstractTransferListenerAdapter - Downloading https://repo.maven.apache.org/maven2/org/codehaus/plexus/plexus-java/0.9.10/plexus-java-0.9.10.pom
2024-10-18 10:56:25,299 [Worker-7: Updating Maven Project] INFO  o.e.m.c.i.e.AbstractTransferListenerAdapter - Downloaded https://repo.maven.apache.org/maven2/org/codehaus/plexus/plexus-java/0.9.10/plexus-java-0.9.10.pom
2024-10-18 10:56:25,308 [Worker-7: Updating Maven Project] INFO  o.e.m.c.i.e.AbstractTransferListenerAdapter - Downloading https://repo.maven.apache.org/maven2/org/codehaus/plexus/plexus-languages/0.9.10/plexus-languages-0.9.10.pom
2024-10-18 10:56:25,311 [Worker-7: Updating Maven Project] INFO  o.e.m.c.i.e.AbstractTransferListenerAdapter - Downloaded https://repo.maven.apache.org/maven2/org/codehaus/plexus/plexus-languages/0.9.10/plexus-languages-0.9.10.pom
2024-10-18 10:56:25,319 [Worker-7: Updating Maven Project] INFO  o.e.m.c.i.e.AbstractTransferListenerAdapter - Downloading https://repo.maven.apache.org/maven2/org/ow2/asm/asm/6.2/asm-6.2.pom
2024-10-18 10:56:25,323 [Worker-7: Updating Maven Project] INFO  o.e.m.c.i.e.AbstractTransferListenerAdapter - Downloaded https://repo.maven.apache.org/maven2/org/ow2/asm/asm/6.2/asm-6.2.pom
2024-10-18 10:56:25,329 [Worker-7: Updating Maven Project] INFO  o.e.m.c.i.e.AbstractTransferListenerAdapter - Downloading https://repo.maven.apache.org/maven2/com/thoughtworks/qdox/qdox/2.0-M9/qdox-2.0-M9.pom
2024-10-18 10:56:25,333 [Worker-7: Updating Maven Project] INFO  o.e.m.c.i.e.AbstractTransferListenerAdapter - Downloaded https://repo.maven.apache.org/maven2/com/thoughtworks/qdox/qdox/2.0-M9/qdox-2.0-M9.pom
2024-10-18 10:56:25,341 [Worker-7: Updating Maven Project] INFO  o.e.m.c.i.e.AbstractTransferListenerAdapter - Downloading https://repo.maven.apache.org/maven2/org/codehaus/plexus/plexus-compiler-api/2.8.4/plexus-compiler-api-2.8.4.pom
2024-10-18 10:56:25,345 [Worker-7: Updating Maven Project] INFO  o.e.m.c.i.e.AbstractTransferListenerAdapter - Downloaded https://repo.maven.apache.org/maven2/org/codehaus/plexus/plexus-compiler-api/2.8.4/plexus-compiler-api-2.8.4.pom
2024-10-18 10:56:25,354 [Worker-7: Updating Maven Project] INFO  o.e.m.c.i.e.AbstractTransferListenerAdapter - Downloading https://repo.maven.apache.org/maven2/org/codehaus/plexus/plexus-compiler/2.8.4/plexus-compiler-2.8.4.pom
2024-10-18 10:56:25,358 [Worker-7: Updating Maven Project] INFO  o.e.m.c.i.e.AbstractTransferListenerAdapter - Downloaded https://repo.maven.apache.org/maven2/org/codehaus/plexus/plexus-compiler/2.8.4/plexus-compiler-2.8.4.pom
2024-10-18 10:56:25,364 [Worker-7: Updating Maven Project] INFO  o.e.m.c.i.e.AbstractTransferListenerAdapter - Downloading https://repo.maven.apache.org/maven2/org/codehaus/plexus/plexus-components/4.0/plexus-components-4.0.pom
2024-10-18 10:56:25,368 [Worker-7: Updating Maven Project] INFO  o.e.m.c.i.e.AbstractTransferListenerAdapter - Downloaded https://repo.maven.apache.org/maven2/org/codehaus/plexus/plexus-components/4.0/plexus-components-4.0.pom
2024-10-18 10:56:25,375 [Worker-7: Updating Maven Project] INFO  o.e.m.c.i.e.AbstractTransferListenerAdapter - Downloading https://repo.maven.apache.org/maven2/org/codehaus/plexus/plexus-utils/3.0.22/plexus-utils-3.0.22.pom
2024-10-18 10:56:25,379 [Worker-7: Updating Maven Project] INFO  o.e.m.c.i.e.AbstractTransferListenerAdapter - Downloaded https://repo.maven.apache.org/maven2/org/codehaus/plexus/plexus-utils/3.0.22/plexus-utils-3.0.22.pom
2024-10-18 10:56:25,389 [Worker-7: Updating Maven Project] INFO  o.e.m.c.i.e.AbstractTransferListenerAdapter - Downloading https://repo.maven.apache.org/maven2/org/codehaus/plexus/plexus-compiler-manager/2.8.4/plexus-compiler-manager-2.8.4.pom
2024-10-18 10:56:25,393 [Worker-7: Updating Maven Project] INFO  o.e.m.c.i.e.AbstractTransferListenerAdapter - Downloaded https://repo.maven.apache.org/maven2/org/codehaus/plexus/plexus-compiler-manager/2.8.4/plexus-compiler-manager-2.8.4.pom
2024-10-18 10:56:25,402 [Worker-7: Updating Maven Project] INFO  o.e.m.c.i.e.AbstractTransferListenerAdapter - Downloading https://repo.maven.apache.org/maven2/org/codehaus/plexus/plexus-compiler-javac/2.8.4/plexus-compiler-javac-2.8.4.pom
2024-10-18 10:56:25,406 [Worker-7: Updating Maven Project] INFO  o.e.m.c.i.e.AbstractTransferListenerAdapter - Downloaded https://repo.maven.apache.org/maven2/org/codehaus/plexus/plexus-compiler-javac/2.8.4/plexus-compiler-javac-2.8.4.pom
2024-10-18 10:56:25,414 [Worker-7: Updating Maven Project] INFO  o.e.m.c.i.e.AbstractTransferListenerAdapter - Downloading https://repo.maven.apache.org/maven2/org/codehaus/plexus/plexus-compilers/2.8.4/plexus-compilers-2.8.4.pom
2024-10-18 10:56:25,419 [Worker-7: Updating Maven Project] INFO  o.e.m.c.i.e.AbstractTransferListenerAdapter - Downloaded https://repo.maven.apache.org/maven2/org/codehaus/plexus/plexus-compilers/2.8.4/plexus-compilers-2.8.4.pom
2024-10-18 10:56:25,467 [Worker-7: Updating Maven Project] INFO  o.e.m.c.i.e.AbstractTransferListenerAdapter - Downloading https://repo.maven.apache.org/maven2/org/apache/maven/maven-settings/3.0/maven-settings-3.0.jar
2024-10-18 10:56:25,471 [Worker-7: Updating Maven Project] INFO  o.e.m.c.i.e.AbstractTransferListenerAdapter - Downloaded https://repo.maven.apache.org/maven2/org/apache/maven/maven-settings/3.0/maven-settings-3.0.jar
2024-10-18 10:56:25,476 [BasicRepositoryConnector-repo.maven.apache.org-0-2] INFO  o.e.m.c.i.e.AbstractTransferListenerAdapter - Downloading https://repo.maven.apache.org/maven2/org/ow2/asm/asm/6.2/asm-6.2.jar
2024-10-18 10:56:25,482 [BasicRepositoryConnector-repo.maven.apache.org-0-2] INFO  o.e.m.c.i.e.AbstractTransferListenerAdapter - Downloaded https://repo.maven.apache.org/maven2/org/ow2/asm/asm/6.2/asm-6.2.jar
2024-10-18 10:56:25,482 [BasicRepositoryConnector-repo.maven.apache.org-0-0] INFO  o.e.m.c.i.e.AbstractTransferListenerAdapter - Downloading https://repo.maven.apache.org/maven2/org/codehaus/plexus/plexus-interpolation/1.14/plexus-interpolation-1.14.jar
2024-10-18 10:56:25,482 [BasicRepositoryConnector-repo.maven.apache.org-0-4] INFO  o.e.m.c.i.e.AbstractTransferListenerAdapter - Downloading https://repo.maven.apache.org/maven2/org/codehaus/plexus/plexus-compiler-api/2.8.4/plexus-compiler-api-2.8.4.jar
2024-10-18 10:56:25,483 [BasicRepositoryConnector-repo.maven.apache.org-0-1] INFO  o.e.m.c.i.e.AbstractTransferListenerAdapter - Downloading https://repo.maven.apache.org/maven2/org/codehaus/plexus/plexus-java/0.9.10/plexus-java-0.9.10.jar
2024-10-18 10:56:25,483 [BasicRepositoryConnector-repo.maven.apache.org-0-3] INFO  o.e.m.c.i.e.AbstractTransferListenerAdapter - Downloading https://repo.maven.apache.org/maven2/com/thoughtworks/qdox/qdox/2.0-M9/qdox-2.0-M9.jar
2024-10-18 10:56:25,485 [BasicRepositoryConnector-repo.maven.apache.org-0-2] INFO  o.e.m.c.i.e.AbstractTransferListenerAdapter - Downloading https://repo.maven.apache.org/maven2/org/codehaus/plexus/plexus-compiler-manager/2.8.4/plexus-compiler-manager-2.8.4.jar
2024-10-18 10:56:25,489 [BasicRepositoryConnector-repo.maven.apache.org-0-4] INFO  o.e.m.c.i.e.AbstractTransferListenerAdapter - Downloaded https://repo.maven.apache.org/maven2/org/codehaus/plexus/plexus-compiler-api/2.8.4/plexus-compiler-api-2.8.4.jar
2024-10-18 10:56:25,490 [BasicRepositoryConnector-repo.maven.apache.org-0-0] INFO  o.e.m.c.i.e.AbstractTransferListenerAdapter - Downloaded https://repo.maven.apache.org/maven2/org/codehaus/plexus/plexus-interpolation/1.14/plexus-interpolation-1.14.jar
2024-10-18 10:56:25,490 [BasicRepositoryConnector-repo.maven.apache.org-0-2] INFO  o.e.m.c.i.e.AbstractTransferListenerAdapter - Downloaded https://repo.maven.apache.org/maven2/org/codehaus/plexus/plexus-compiler-manager/2.8.4/plexus-compiler-manager-2.8.4.jar
2024-10-18 10:56:25,492 [BasicRepositoryConnector-repo.maven.apache.org-0-1] INFO  o.e.m.c.i.e.AbstractTransferListenerAdapter - Downloaded https://repo.maven.apache.org/maven2/org/codehaus/plexus/plexus-java/0.9.10/plexus-java-0.9.10.jar
2024-10-18 10:56:25,493 [BasicRepositoryConnector-repo.maven.apache.org-0-4] INFO  o.e.m.c.i.e.AbstractTransferListenerAdapter - Downloading https://repo.maven.apache.org/maven2/org/codehaus/plexus/plexus-compiler-javac/2.8.4/plexus-compiler-javac-2.8.4.jar
2024-10-18 10:56:25,494 [BasicRepositoryConnector-repo.maven.apache.org-0-3] INFO  o.e.m.c.i.e.AbstractTransferListenerAdapter - Downloaded https://repo.maven.apache.org/maven2/com/thoughtworks/qdox/qdox/2.0-M9/qdox-2.0-M9.jar
2024-10-18 10:56:25,497 [BasicRepositoryConnector-repo.maven.apache.org-0-4] INFO  o.e.m.c.i.e.AbstractTransferListenerAdapter - Downloaded https://repo.maven.apache.org/maven2/org/codehaus/plexus/plexus-compiler-javac/2.8.4/plexus-compiler-javac-2.8.4.jar
2024-10-18 10:56:25,584 [Worker-7: Updating Maven Project] INFO  o.e.m.c.i.l.LifecycleMappingFactory - Using org.maven.ide.eclipse.wtp.WarLifecycleMapping lifecycle mapping for MavenProject: com.cibertec.app:LPII_Spring_Ventas:0.0.1-SNAPSHOT @ E:\ARCHIVOS\INSTITUTO CIBERTEC CLASES\LENGUAJE DE PROGRAMACIÓN II\CLASES LPII\SESIÓN 10 LPII\LPII_Sesión_10 - Sol\LPII_Spring_Ventas\pom.xml.
2024-10-18 10:56:27,068 [Worker-7: Updating Maven Project] INFO  o.e.m.j.i.AbstractJavaProjectConfigurator - Adding source folder /LPII_Spring_Ventas/src/main/java
2024-10-18 10:56:27,070 [Worker-7: Updating Maven Project] INFO  o.e.m.j.i.AbstractJavaProjectConfigurator - Adding resource folder /LPII_Spring_Ventas/src/main/resources
2024-10-18 10:56:27,070 [Worker-7: Updating Maven Project] INFO  o.e.m.j.i.AbstractJavaProjectConfigurator - Adding resource folder /LPII_Spring_Ventas/src/main/resources
2024-10-18 10:56:27,070 [Worker-7: Updating Maven Project] INFO  o.e.m.j.i.AbstractJavaProjectConfigurator - Adding source folder /LPII_Spring_Ventas/src/test/java
2024-10-18 10:56:27,071 [Worker-7: Updating Maven Project] INFO  o.e.m.j.i.AbstractJavaProjectConfigurator - Adding resource folder /LPII_Spring_Ventas/src/test/resources
2024-10-18 10:56:28,772 [Worker-7: Updating Maven Project] INFO  o.e.m.w.i.f.ResourceFilteringBuildParticipant - Cleaning filtered folder for LPII_Spring_Ventas
2024-10-18 10:56:28,813 [Worker-7: Updating Maven Project] INFO  o.e.m.c.i.p.ProjectConfigurationManager - Update completed for 1 poms: local refresh takes 0.00 sec, refresh facades takes 3.00 sec, update config takes 1.00 sec 
2024-10-18 10:56:31,380 [Worker-15: Building] INFO  o.e.m.c.i.embedder.EclipseLogger - Using 'UTF-8' encoding to copy filtered resources.
2024-10-18 10:56:31,380 [Worker-15: Building] INFO  o.e.m.c.i.embedder.EclipseLogger - Using 'UTF-8' encoding to copy filtered properties files.
2024-10-18 10:56:31,380 [Worker-15: Building] INFO  o.e.m.c.i.embedder.EclipseLogger - Copying 1 resource
2024-10-18 10:56:31,390 [Worker-15: Building] INFO  o.e.m.c.i.embedder.EclipseLogger - Copying 15 resources
2024-10-18 10:56:31,440 [Worker-15: Building] INFO  o.e.m.c.i.embedder.EclipseLogger - Using 'UTF-8' encoding to copy filtered resources.
2024-10-18 10:56:31,441 [Worker-15: Building] INFO  o.e.m.c.i.embedder.EclipseLogger - Using 'UTF-8' encoding to copy filtered properties files.
2024-10-18 10:56:31,441 [Worker-15: Building] INFO  o.e.m.c.i.embedder.EclipseLogger - skip non existing resourceDirectory E:\ARCHIVOS\INSTITUTO CIBERTEC CLASES\LENGUAJE DE PROGRAMACIÓN II\CLASES LPII\SESIÓN 10 LPII\LPII_Sesión_10 - Sol\LPII_Spring_Ventas\src\test\resources
2024-10-18 10:56:31,441 [Worker-15: Building] INFO  o.e.m.w.i.f.ResourceFilteringBuildParticipant - Changed resources require a complete clean of filtered resources of LPII_Spring_Ventas
2024-10-18 10:56:31,441 [Worker-15: Building] INFO  o.e.m.w.i.f.ResourceFilteringBuildParticipant - Executing resource filtering for LPII_Spring_Ventas
2024-10-18 10:57:28,188 [Worker-13: Updating Maven Project] INFO  o.e.m.c.i.p.ProjectConfigurationManager - Update started
2024-10-18 10:57:28,338 [Worker-13: Updating Maven Project] INFO  o.e.m.c.i.l.LifecycleMappingFactory - Using org.maven.ide.eclipse.wtp.WarLifecycleMapping lifecycle mapping for MavenProject: com.cibertec.app:LPII_Spring_Ventas:0.0.1-SNAPSHOT @ E:\ARCHIVOS\INSTITUTO CIBERTEC CLASES\LENGUAJE DE PROGRAMACIÓN II\CLASES LPII\SESIÓN 10 LPII\LPII_Sesión_10 - Sol\LPII_Spring_Ventas\pom.xml.
2024-10-18 10:57:28,710 [Worker-13: Updating Maven Project] INFO  o.e.m.j.i.AbstractJavaProjectConfigurator - Adding source folder /LPII_Spring_Ventas/src/main/java
2024-10-18 10:57:28,710 [Worker-13: Updating Maven Project] INFO  o.e.m.j.i.AbstractJavaProjectConfigurator - Adding resource folder /LPII_Spring_Ventas/src/main/resources
2024-10-18 10:57:28,711 [Worker-13: Updating Maven Project] INFO  o.e.m.j.i.AbstractJavaProjectConfigurator - Adding resource folder /LPII_Spring_Ventas/src/main/resources
2024-10-18 10:57:28,711 [Worker-13: Updating Maven Project] INFO  o.e.m.j.i.AbstractJavaProjectConfigurator - Adding source folder /LPII_Spring_Ventas/src/test/java
2024-10-18 10:57:28,712 [Worker-13: Updating Maven Project] INFO  o.e.m.j.i.AbstractJavaProjectConfigurator - Adding resource folder /LPII_Spring_Ventas/src/test/resources
2024-10-18 10:57:29,191 [Worker-13: Updating Maven Project] INFO  o.e.m.w.i.f.ResourceFilteringBuildParticipant - Cleaning filtered folder for LPII_Spring_Ventas
2024-10-18 10:57:29,209 [Worker-13: Updating Maven Project] INFO  o.e.m.c.i.p.ProjectConfigurationManager - Update completed for 1 poms: local refresh takes 0.00 sec, refresh facades takes 0.00 sec, update config takes 0.00 sec 
2024-10-18 10:57:29,791 [Worker-3: Building] INFO  o.e.m.c.i.embedder.EclipseLogger - Using 'UTF-8' encoding to copy filtered resources.
2024-10-18 10:57:29,791 [Worker-3: Building] INFO  o.e.m.c.i.embedder.EclipseLogger - Using 'UTF-8' encoding to copy filtered properties files.
2024-10-18 10:57:29,791 [Worker-3: Building] INFO  o.e.m.c.i.embedder.EclipseLogger - Copying 1 resource
2024-10-18 10:57:29,878 [Worker-3: Building] INFO  o.e.m.c.i.embedder.EclipseLogger - Copying 15 resources
2024-10-18 10:57:29,934 [Worker-3: Building] INFO  o.e.m.c.i.embedder.EclipseLogger - Using 'UTF-8' encoding to copy filtered resources.
2024-10-18 10:57:29,934 [Worker-3: Building] INFO  o.e.m.c.i.embedder.EclipseLogger - Using 'UTF-8' encoding to copy filtered properties files.
2024-10-18 10:57:29,934 [Worker-3: Building] INFO  o.e.m.c.i.embedder.EclipseLogger - skip non existing resourceDirectory E:\ARCHIVOS\INSTITUTO CIBERTEC CLASES\LENGUAJE DE PROGRAMACIÓN II\CLASES LPII\SESIÓN 10 LPII\LPII_Sesión_10 - Sol\LPII_Spring_Ventas\src\test\resources
2024-10-18 10:57:29,934 [Worker-3: Building] INFO  o.e.m.w.i.f.ResourceFilteringBuildParticipant - Changed resources require a complete clean of filtered resources of LPII_Spring_Ventas
2024-10-18 10:57:29,934 [Worker-3: Building] INFO  o.e.m.w.i.f.ResourceFilteringBuildParticipant - Executing resource filtering for LPII_Spring_Ventas
2024-10-18 11:10:15,637 [Worker-5: Building] INFO  o.e.m.c.i.embedder.EclipseLogger - Using 'UTF-8' encoding to copy filtered resources.
2024-10-18 11:10:15,637 [Worker-5: Building] INFO  o.e.m.c.i.embedder.EclipseLogger - Using 'UTF-8' encoding to copy filtered properties files.
2024-10-18 11:10:15,639 [Worker-5: Building] INFO  o.e.m.c.i.embedder.EclipseLogger - Copying 1 resource
2024-10-18 11:10:15,644 [Worker-5: Building] INFO  o.e.m.c.i.embedder.EclipseLogger - Copying 15 resources
2024-10-18 11:10:15,648 [Worker-5: Building] INFO  o.e.m.c.i.embedder.EclipseLogger - Using 'UTF-8' encoding to copy filtered resources.
2024-10-18 11:10:15,648 [Worker-5: Building] INFO  o.e.m.c.i.embedder.EclipseLogger - Using 'UTF-8' encoding to copy filtered properties files.
2024-10-18 11:10:15,648 [Worker-5: Building] INFO  o.e.m.c.i.embedder.EclipseLogger - skip non existing resourceDirectory E:\ARCHIVOS\INSTITUTO CIBERTEC CLASES\LENGUAJE DE PROGRAMACIÓN II\CLASES LPII\SESIÓN 10 LPII\LPII_Sesión_10 - Sol\LPII_Spring_Ventas\src\test\resources
2024-10-18 11:40:10,758 [Worker-15: Building] INFO  o.e.m.c.i.embedder.EclipseLogger - Using 'UTF-8' encoding to copy filtered resources.
2024-10-18 11:40:10,758 [Worker-15: Building] INFO  o.e.m.c.i.embedder.EclipseLogger - Using 'UTF-8' encoding to copy filtered properties files.
2024-10-18 11:40:10,759 [Worker-15: Building] INFO  o.e.m.c.i.embedder.EclipseLogger - Copying 1 resource
2024-10-18 11:40:10,763 [Worker-15: Building] INFO  o.e.m.c.i.embedder.EclipseLogger - Copying 15 resources
2024-10-18 11:40:10,768 [Worker-15: Building] INFO  o.e.m.c.i.embedder.EclipseLogger - Using 'UTF-8' encoding to copy filtered resources.
2024-10-18 11:40:10,768 [Worker-15: Building] INFO  o.e.m.c.i.embedder.EclipseLogger - Using 'UTF-8' encoding to copy filtered properties files.
2024-10-18 11:40:10,769 [Worker-15: Building] INFO  o.e.m.c.i.embedder.EclipseLogger - skip non existing resourceDirectory E:\ARCHIVOS\INSTITUTO CIBERTEC CLASES\LENGUAJE DE PROGRAMACIÓN II\CLASES LPII\SESIÓN 10 LPII\LPII_Sesión_10 - Sol\LPII_Spring_Ventas\src\test\resources
2024-10-18 14:19:21,916 [Worker-23: Building] INFO  o.e.m.c.i.embedder.EclipseLogger - Using 'UTF-8' encoding to copy filtered resources.
2024-10-18 14:19:21,917 [Worker-23: Building] INFO  o.e.m.c.i.embedder.EclipseLogger - Using 'UTF-8' encoding to copy filtered properties files.
2024-10-18 14:19:21,918 [Worker-23: Building] INFO  o.e.m.c.i.embedder.EclipseLogger - Copying 1 resource
2024-10-18 14:19:21,927 [Worker-23: Building] INFO  o.e.m.c.i.embedder.EclipseLogger - Copying 15 resources
2024-10-18 14:19:21,938 [Worker-23: Building] INFO  o.e.m.c.i.embedder.EclipseLogger - Using 'UTF-8' encoding to copy filtered resources.
2024-10-18 14:19:21,938 [Worker-23: Building] INFO  o.e.m.c.i.embedder.EclipseLogger - Using 'UTF-8' encoding to copy filtered properties files.
2024-10-18 14:19:21,938 [Worker-23: Building] INFO  o.e.m.c.i.embedder.EclipseLogger - skip non existing resourceDirectory E:\ARCHIVOS\INSTITUTO CIBERTEC CLASES\LENGUAJE DE PROGRAMACIÓN II\CLASES LPII\SESIÓN 10 LPII\LPII_Sesión_10 - Sol\LPII_Spring_Ventas\src\test\resources
2025-01-11 22:58:30,527 [Worker-11: Loading available Gradle versions] INFO  o.e.b.c.i.u.g.PublishedGradleVersions - Gradle version information cache is up-to-date. Trying to read.
2025-01-11 22:58:38,605 [Worker-9: Building] INFO  o.e.m.c.i.embedder.EclipseLogger - Using 'UTF-8' encoding to copy filtered resources.
2025-01-11 22:58:38,608 [Worker-9: Building] INFO  o.e.m.c.i.embedder.EclipseLogger - Using 'UTF-8' encoding to copy filtered properties files.
2025-01-11 22:58:38,616 [Worker-9: Building] INFO  o.e.m.c.i.embedder.EclipseLogger - Copying 1 resource
2025-01-11 22:58:38,673 [Worker-9: Building] INFO  o.e.m.c.i.embedder.EclipseLogger - Copying 15 resources
2025-01-11 22:58:40,969 [Worker-9: Building] INFO  o.e.m.c.i.embedder.EclipseLogger - Using 'UTF-8' encoding to copy filtered resources.
2025-01-11 22:58:40,969 [Worker-9: Building] INFO  o.e.m.c.i.embedder.EclipseLogger - Using 'UTF-8' encoding to copy filtered properties files.
2025-01-11 22:58:40,969 [Worker-9: Building] INFO  o.e.m.c.i.embedder.EclipseLogger - skip non existing resourceDirectory F:\ARCHIVOS\INSTITUTO CIBERTEC CLASES\LENGUAJE DE PROGRAMACIÓN II\CLASES LPII\SESIÓN 10 LPII\LPII_Sesión_10 - Sol\LPII_Spring_Ventas\src\test\resources
2025-01-11 23:01:04,592 [Worker-4: Launching Executing clean in F__ARCHIVOS_INSTITUTO CIBERTEC CLASES_LENGUAJE DE PROGRAMACIÓN II_CLASES LPII_SESIÓN 10 LPII_LPII_Sesión_10 - Sol_LPII_Spring_Ventas] INFO  o.eclipse.m2e.core.internal.Bundles - getClasspathEntries(Bundle=org.eclipse.m2e.maven.runtime_3.9.700.20240602-2313 [359])
2025-01-11 23:01:04,594 [Worker-4: Launching Executing clean in F__ARCHIVOS_INSTITUTO CIBERTEC CLASES_LENGUAJE DE PROGRAMACIÓN II_CLASES LPII_SESIÓN 10 LPII_LPII_Sesión_10 - Sol_LPII_Spring_Ventas] INFO  o.eclipse.m2e.core.internal.Bundles - 	Entry: C:\SpringToolSuite4\plugins\org.eclipse.m2e.maven.runtime_3.9.700.20240602-2313
2025-01-11 23:01:04,594 [Worker-4: Launching Executing clean in F__ARCHIVOS_INSTITUTO CIBERTEC CLASES_LENGUAJE DE PROGRAMACIÓN II_CLASES LPII_SESIÓN 10 LPII_LPII_Sesión_10 - Sol_LPII_Spring_Ventas] INFO  o.eclipse.m2e.core.internal.Bundles - 	Entry: C:\SpringToolSuite4\plugins\org.eclipse.m2e.maven.runtime_3.9.700.20240602-2313\jars\aopalliance-1.0.jar
2025-01-11 23:01:04,594 [Worker-4: Launching Executing clean in F__ARCHIVOS_INSTITUTO CIBERTEC CLASES_LENGUAJE DE PROGRAMACIÓN II_CLASES LPII_SESIÓN 10 LPII_LPII_Sesión_10 - Sol_LPII_Spring_Ventas] INFO  o.eclipse.m2e.core.internal.Bundles - 	Entry: C:\SpringToolSuite4\plugins\org.eclipse.m2e.maven.runtime_3.9.700.20240602-2313\jars\guice-5.1.0.jar
2025-01-11 23:01:04,594 [Worker-4: Launching Executing clean in F__ARCHIVOS_INSTITUTO CIBERTEC CLASES_LENGUAJE DE PROGRAMACIÓN II_CLASES LPII_SESIÓN 10 LPII_LPII_Sesión_10 - Sol_LPII_Spring_Ventas] INFO  o.eclipse.m2e.core.internal.Bundles - 	Entry: C:\SpringToolSuite4\plugins\org.eclipse.m2e.maven.runtime_3.9.700.20240602-2313\jars\httpclient-4.5.14.jar
2025-01-11 23:01:04,595 [Worker-4: Launching Executing clean in F__ARCHIVOS_INSTITUTO CIBERTEC CLASES_LENGUAJE DE PROGRAMACIÓN II_CLASES LPII_SESIÓN 10 LPII_LPII_Sesión_10 - Sol_LPII_Spring_Ventas] INFO  o.eclipse.m2e.core.internal.Bundles - 	Entry: C:\SpringToolSuite4\plugins\org.eclipse.m2e.maven.runtime_3.9.700.20240602-2313\jars\httpcore-4.4.16.jar
2025-01-11 23:01:04,595 [Worker-4: Launching Executing clean in F__ARCHIVOS_INSTITUTO CIBERTEC CLASES_LENGUAJE DE PROGRAMACIÓN II_CLASES LPII_SESIÓN 10 LPII_LPII_Sesión_10 - Sol_LPII_Spring_Ventas] INFO  o.eclipse.m2e.core.internal.Bundles - 	Entry: C:\SpringToolSuite4\plugins\org.eclipse.m2e.maven.runtime_3.9.700.20240602-2313\jars\jansi-2.4.1.jar
2025-01-11 23:01:04,595 [Worker-4: Launching Executing clean in F__ARCHIVOS_INSTITUTO CIBERTEC CLASES_LENGUAJE DE PROGRAMACIÓN II_CLASES LPII_SESIÓN 10 LPII_LPII_Sesión_10 - Sol_LPII_Spring_Ventas] INFO  o.eclipse.m2e.core.internal.Bundles - 	Entry: C:\SpringToolSuite4\plugins\org.eclipse.m2e.maven.runtime_3.9.700.20240602-2313\jars\jcl-over-slf4j-1.7.36.jar
2025-01-11 23:01:04,595 [Worker-4: Launching Executing clean in F__ARCHIVOS_INSTITUTO CIBERTEC CLASES_LENGUAJE DE PROGRAMACIÓN II_CLASES LPII_SESIÓN 10 LPII_LPII_Sesión_10 - Sol_LPII_Spring_Ventas] INFO  o.eclipse.m2e.core.internal.Bundles - 	Entry: C:\SpringToolSuite4\plugins\org.eclipse.m2e.maven.runtime_3.9.700.20240602-2313\jars\maven-artifact-3.9.7.jar
2025-01-11 23:01:04,595 [Worker-4: Launching Executing clean in F__ARCHIVOS_INSTITUTO CIBERTEC CLASES_LENGUAJE DE PROGRAMACIÓN II_CLASES LPII_SESIÓN 10 LPII_LPII_Sesión_10 - Sol_LPII_Spring_Ventas] INFO  o.eclipse.m2e.core.internal.Bundles - 	Entry: C:\SpringToolSuite4\plugins\org.eclipse.m2e.maven.runtime_3.9.700.20240602-2313\jars\maven-builder-support-3.9.7.jar
2025-01-11 23:01:04,595 [Worker-4: Launching Executing clean in F__ARCHIVOS_INSTITUTO CIBERTEC CLASES_LENGUAJE DE PROGRAMACIÓN II_CLASES LPII_SESIÓN 10 LPII_LPII_Sesión_10 - Sol_LPII_Spring_Ventas] INFO  o.eclipse.m2e.core.internal.Bundles - 	Entry: C:\SpringToolSuite4\plugins\org.eclipse.m2e.maven.runtime_3.9.700.20240602-2313\jars\maven-compat-3.9.7.jar
2025-01-11 23:01:04,596 [Worker-4: Launching Executing clean in F__ARCHIVOS_INSTITUTO CIBERTEC CLASES_LENGUAJE DE PROGRAMACIÓN II_CLASES LPII_SESIÓN 10 LPII_LPII_Sesión_10 - Sol_LPII_Spring_Ventas] INFO  o.eclipse.m2e.core.internal.Bundles - 	Entry: C:\SpringToolSuite4\plugins\org.eclipse.m2e.maven.runtime_3.9.700.20240602-2313\jars\maven-core-3.9.7.jar
2025-01-11 23:01:04,596 [Worker-4: Launching Executing clean in F__ARCHIVOS_INSTITUTO CIBERTEC CLASES_LENGUAJE DE PROGRAMACIÓN II_CLASES LPII_SESIÓN 10 LPII_LPII_Sesión_10 - Sol_LPII_Spring_Ventas] INFO  o.eclipse.m2e.core.internal.Bundles - 	Entry: C:\SpringToolSuite4\plugins\org.eclipse.m2e.maven.runtime_3.9.700.20240602-2313\jars\maven-embedder-3.9.7.jar
2025-01-11 23:01:04,596 [Worker-4: Launching Executing clean in F__ARCHIVOS_INSTITUTO CIBERTEC CLASES_LENGUAJE DE PROGRAMACIÓN II_CLASES LPII_SESIÓN 10 LPII_LPII_Sesión_10 - Sol_LPII_Spring_Ventas] INFO  o.eclipse.m2e.core.internal.Bundles - 	Entry: C:\SpringToolSuite4\plugins\org.eclipse.m2e.maven.runtime_3.9.700.20240602-2313\jars\maven-model-3.9.7.jar
2025-01-11 23:01:04,596 [Worker-4: Launching Executing clean in F__ARCHIVOS_INSTITUTO CIBERTEC CLASES_LENGUAJE DE PROGRAMACIÓN II_CLASES LPII_SESIÓN 10 LPII_LPII_Sesión_10 - Sol_LPII_Spring_Ventas] INFO  o.eclipse.m2e.core.internal.Bundles - 	Entry: C:\SpringToolSuite4\plugins\org.eclipse.m2e.maven.runtime_3.9.700.20240602-2313\jars\maven-model-builder-3.9.7.jar
2025-01-11 23:01:04,596 [Worker-4: Launching Executing clean in F__ARCHIVOS_INSTITUTO CIBERTEC CLASES_LENGUAJE DE PROGRAMACIÓN II_CLASES LPII_SESIÓN 10 LPII_LPII_Sesión_10 - Sol_LPII_Spring_Ventas] INFO  o.eclipse.m2e.core.internal.Bundles - 	Entry: C:\SpringToolSuite4\plugins\org.eclipse.m2e.maven.runtime_3.9.700.20240602-2313\jars\maven-plugin-api-3.9.7.jar
2025-01-11 23:01:04,597 [Worker-4: Launching Executing clean in F__ARCHIVOS_INSTITUTO CIBERTEC CLASES_LENGUAJE DE PROGRAMACIÓN II_CLASES LPII_SESIÓN 10 LPII_LPII_Sesión_10 - Sol_LPII_Spring_Ventas] INFO  o.eclipse.m2e.core.internal.Bundles - 	Entry: C:\SpringToolSuite4\plugins\org.eclipse.m2e.maven.runtime_3.9.700.20240602-2313\jars\maven-repository-metadata-3.9.7.jar
2025-01-11 23:01:04,597 [Worker-4: Launching Executing clean in F__ARCHIVOS_INSTITUTO CIBERTEC CLASES_LENGUAJE DE PROGRAMACIÓN II_CLASES LPII_SESIÓN 10 LPII_LPII_Sesión_10 - Sol_LPII_Spring_Ventas] INFO  o.eclipse.m2e.core.internal.Bundles - 	Entry: C:\SpringToolSuite4\plugins\org.eclipse.m2e.maven.runtime_3.9.700.20240602-2313\jars\maven-resolver-api-1.9.20.jar
2025-01-11 23:01:04,597 [Worker-4: Launching Executing clean in F__ARCHIVOS_INSTITUTO CIBERTEC CLASES_LENGUAJE DE PROGRAMACIÓN II_CLASES LPII_SESIÓN 10 LPII_LPII_Sesión_10 - Sol_LPII_Spring_Ventas] INFO  o.eclipse.m2e.core.internal.Bundles - 	Entry: C:\SpringToolSuite4\plugins\org.eclipse.m2e.maven.runtime_3.9.700.20240602-2313\jars\maven-resolver-connector-basic-1.9.20.jar
2025-01-11 23:01:04,598 [Worker-4: Launching Executing clean in F__ARCHIVOS_INSTITUTO CIBERTEC CLASES_LENGUAJE DE PROGRAMACIÓN II_CLASES LPII_SESIÓN 10 LPII_LPII_Sesión_10 - Sol_LPII_Spring_Ventas] INFO  o.eclipse.m2e.core.internal.Bundles - 	Entry: C:\SpringToolSuite4\plugins\org.eclipse.m2e.maven.runtime_3.9.700.20240602-2313\jars\maven-resolver-impl-1.9.20.jar
2025-01-11 23:01:04,598 [Worker-4: Launching Executing clean in F__ARCHIVOS_INSTITUTO CIBERTEC CLASES_LENGUAJE DE PROGRAMACIÓN II_CLASES LPII_SESIÓN 10 LPII_LPII_Sesión_10 - Sol_LPII_Spring_Ventas] INFO  o.eclipse.m2e.core.internal.Bundles - 	Entry: C:\SpringToolSuite4\plugins\org.eclipse.m2e.maven.runtime_3.9.700.20240602-2313\jars\maven-resolver-named-locks-1.9.20.jar
2025-01-11 23:01:04,598 [Worker-4: Launching Executing clean in F__ARCHIVOS_INSTITUTO CIBERTEC CLASES_LENGUAJE DE PROGRAMACIÓN II_CLASES LPII_SESIÓN 10 LPII_LPII_Sesión_10 - Sol_LPII_Spring_Ventas] INFO  o.eclipse.m2e.core.internal.Bundles - 	Entry: C:\SpringToolSuite4\plugins\org.eclipse.m2e.maven.runtime_3.9.700.20240602-2313\jars\maven-resolver-provider-3.9.7.jar
2025-01-11 23:01:04,598 [Worker-4: Launching Executing clean in F__ARCHIVOS_INSTITUTO CIBERTEC CLASES_LENGUAJE DE PROGRAMACIÓN II_CLASES LPII_SESIÓN 10 LPII_LPII_Sesión_10 - Sol_LPII_Spring_Ventas] INFO  o.eclipse.m2e.core.internal.Bundles - 	Entry: C:\SpringToolSuite4\plugins\org.eclipse.m2e.maven.runtime_3.9.700.20240602-2313\jars\maven-resolver-spi-1.9.20.jar
2025-01-11 23:01:04,599 [Worker-4: Launching Executing clean in F__ARCHIVOS_INSTITUTO CIBERTEC CLASES_LENGUAJE DE PROGRAMACIÓN II_CLASES LPII_SESIÓN 10 LPII_LPII_Sesión_10 - Sol_LPII_Spring_Ventas] INFO  o.eclipse.m2e.core.internal.Bundles - 	Entry: C:\SpringToolSuite4\plugins\org.eclipse.m2e.maven.runtime_3.9.700.20240602-2313\jars\maven-resolver-transport-file-1.9.20.jar
2025-01-11 23:01:04,599 [Worker-4: Launching Executing clean in F__ARCHIVOS_INSTITUTO CIBERTEC CLASES_LENGUAJE DE PROGRAMACIÓN II_CLASES LPII_SESIÓN 10 LPII_LPII_Sesión_10 - Sol_LPII_Spring_Ventas] INFO  o.eclipse.m2e.core.internal.Bundles - 	Entry: C:\SpringToolSuite4\plugins\org.eclipse.m2e.maven.runtime_3.9.700.20240602-2313\jars\maven-resolver-transport-http-1.9.20.jar
2025-01-11 23:01:04,599 [Worker-4: Launching Executing clean in F__ARCHIVOS_INSTITUTO CIBERTEC CLASES_LENGUAJE DE PROGRAMACIÓN II_CLASES LPII_SESIÓN 10 LPII_LPII_Sesión_10 - Sol_LPII_Spring_Ventas] INFO  o.eclipse.m2e.core.internal.Bundles - 	Entry: C:\SpringToolSuite4\plugins\org.eclipse.m2e.maven.runtime_3.9.700.20240602-2313\jars\maven-resolver-transport-wagon-1.9.20.jar
2025-01-11 23:01:04,599 [Worker-4: Launching Executing clean in F__ARCHIVOS_INSTITUTO CIBERTEC CLASES_LENGUAJE DE PROGRAMACIÓN II_CLASES LPII_SESIÓN 10 LPII_LPII_Sesión_10 - Sol_LPII_Spring_Ventas] INFO  o.eclipse.m2e.core.internal.Bundles - 	Entry: C:\SpringToolSuite4\plugins\org.eclipse.m2e.maven.runtime_3.9.700.20240602-2313\jars\maven-resolver-util-1.9.20.jar
2025-01-11 23:01:04,599 [Worker-4: Launching Executing clean in F__ARCHIVOS_INSTITUTO CIBERTEC CLASES_LENGUAJE DE PROGRAMACIÓN II_CLASES LPII_SESIÓN 10 LPII_LPII_Sesión_10 - Sol_LPII_Spring_Ventas] INFO  o.eclipse.m2e.core.internal.Bundles - 	Entry: C:\SpringToolSuite4\plugins\org.eclipse.m2e.maven.runtime_3.9.700.20240602-2313\jars\maven-settings-3.9.7.jar
2025-01-11 23:01:04,600 [Worker-4: Launching Executing clean in F__ARCHIVOS_INSTITUTO CIBERTEC CLASES_LENGUAJE DE PROGRAMACIÓN II_CLASES LPII_SESIÓN 10 LPII_LPII_Sesión_10 - Sol_LPII_Spring_Ventas] INFO  o.eclipse.m2e.core.internal.Bundles - 	Entry: C:\SpringToolSuite4\plugins\org.eclipse.m2e.maven.runtime_3.9.700.20240602-2313\jars\maven-settings-builder-3.9.7.jar
2025-01-11 23:01:04,600 [Worker-4: Launching Executing clean in F__ARCHIVOS_INSTITUTO CIBERTEC CLASES_LENGUAJE DE PROGRAMACIÓN II_CLASES LPII_SESIÓN 10 LPII_LPII_Sesión_10 - Sol_LPII_Spring_Ventas] INFO  o.eclipse.m2e.core.internal.Bundles - 	Entry: C:\SpringToolSuite4\plugins\org.eclipse.m2e.maven.runtime_3.9.700.20240602-2313\jars\maven-shared-utils-3.4.2.jar
2025-01-11 23:01:04,600 [Worker-4: Launching Executing clean in F__ARCHIVOS_INSTITUTO CIBERTEC CLASES_LENGUAJE DE PROGRAMACIÓN II_CLASES LPII_SESIÓN 10 LPII_LPII_Sesión_10 - Sol_LPII_Spring_Ventas] INFO  o.eclipse.m2e.core.internal.Bundles - 	Entry: C:\SpringToolSuite4\plugins\org.eclipse.m2e.maven.runtime_3.9.700.20240602-2313\jars\org.eclipse.sisu.inject-0.9.0.M2.jar
2025-01-11 23:01:04,600 [Worker-4: Launching Executing clean in F__ARCHIVOS_INSTITUTO CIBERTEC CLASES_LENGUAJE DE PROGRAMACIÓN II_CLASES LPII_SESIÓN 10 LPII_LPII_Sesión_10 - Sol_LPII_Spring_Ventas] INFO  o.eclipse.m2e.core.internal.Bundles - 	Entry: C:\SpringToolSuite4\plugins\org.eclipse.m2e.maven.runtime_3.9.700.20240602-2313\jars\org.eclipse.sisu.plexus-0.9.0.M2.jar
2025-01-11 23:01:04,601 [Worker-4: Launching Executing clean in F__ARCHIVOS_INSTITUTO CIBERTEC CLASES_LENGUAJE DE PROGRAMACIÓN II_CLASES LPII_SESIÓN 10 LPII_LPII_Sesión_10 - Sol_LPII_Spring_Ventas] INFO  o.eclipse.m2e.core.internal.Bundles - 	Entry: C:\SpringToolSuite4\plugins\org.eclipse.m2e.maven.runtime_3.9.700.20240602-2313\jars\plexus-build-api-0.0.7.jar
2025-01-11 23:01:04,601 [Worker-4: Launching Executing clean in F__ARCHIVOS_INSTITUTO CIBERTEC CLASES_LENGUAJE DE PROGRAMACIÓN II_CLASES LPII_SESIÓN 10 LPII_LPII_Sesión_10 - Sol_LPII_Spring_Ventas] INFO  o.eclipse.m2e.core.internal.Bundles - 	Entry: C:\SpringToolSuite4\plugins\org.eclipse.m2e.maven.runtime_3.9.700.20240602-2313\jars\plexus-build-api-1.2.0.jar
2025-01-11 23:01:04,601 [Worker-4: Launching Executing clean in F__ARCHIVOS_INSTITUTO CIBERTEC CLASES_LENGUAJE DE PROGRAMACIÓN II_CLASES LPII_SESIÓN 10 LPII_LPII_Sesión_10 - Sol_LPII_Spring_Ventas] INFO  o.eclipse.m2e.core.internal.Bundles - 	Entry: C:\SpringToolSuite4\plugins\org.eclipse.m2e.maven.runtime_3.9.700.20240602-2313\jars\plexus-cipher-2.0.jar
2025-01-11 23:01:04,601 [Worker-4: Launching Executing clean in F__ARCHIVOS_INSTITUTO CIBERTEC CLASES_LENGUAJE DE PROGRAMACIÓN II_CLASES LPII_SESIÓN 10 LPII_LPII_Sesión_10 - Sol_LPII_Spring_Ventas] INFO  o.eclipse.m2e.core.internal.Bundles - 	Entry: C:\SpringToolSuite4\plugins\org.eclipse.m2e.maven.runtime_3.9.700.20240602-2313\jars\plexus-classworlds-2.8.0.jar
2025-01-11 23:01:04,601 [Worker-4: Launching Executing clean in F__ARCHIVOS_INSTITUTO CIBERTEC CLASES_LENGUAJE DE PROGRAMACIÓN II_CLASES LPII_SESIÓN 10 LPII_LPII_Sesión_10 - Sol_LPII_Spring_Ventas] INFO  o.eclipse.m2e.core.internal.Bundles - 	Entry: C:\SpringToolSuite4\plugins\org.eclipse.m2e.maven.runtime_3.9.700.20240602-2313\jars\plexus-component-annotations-2.1.0.jar
2025-01-11 23:01:04,601 [Worker-4: Launching Executing clean in F__ARCHIVOS_INSTITUTO CIBERTEC CLASES_LENGUAJE DE PROGRAMACIÓN II_CLASES LPII_SESIÓN 10 LPII_LPII_Sesión_10 - Sol_LPII_Spring_Ventas] INFO  o.eclipse.m2e.core.internal.Bundles - 	Entry: C:\SpringToolSuite4\plugins\org.eclipse.m2e.maven.runtime_3.9.700.20240602-2313\jars\plexus-interpolation-1.27.jar
2025-01-11 23:01:04,602 [Worker-4: Launching Executing clean in F__ARCHIVOS_INSTITUTO CIBERTEC CLASES_LENGUAJE DE PROGRAMACIÓN II_CLASES LPII_SESIÓN 10 LPII_LPII_Sesión_10 - Sol_LPII_Spring_Ventas] INFO  o.eclipse.m2e.core.internal.Bundles - 	Entry: C:\SpringToolSuite4\plugins\org.eclipse.m2e.maven.runtime_3.9.700.20240602-2313\jars\plexus-sec-dispatcher-2.0.jar
2025-01-11 23:01:04,602 [Worker-4: Launching Executing clean in F__ARCHIVOS_INSTITUTO CIBERTEC CLASES_LENGUAJE DE PROGRAMACIÓN II_CLASES LPII_SESIÓN 10 LPII_LPII_Sesión_10 - Sol_LPII_Spring_Ventas] INFO  o.eclipse.m2e.core.internal.Bundles - 	Entry: C:\SpringToolSuite4\plugins\org.eclipse.m2e.maven.runtime_3.9.700.20240602-2313\jars\plexus-utils-3.5.1.jar
2025-01-11 23:01:04,602 [Worker-4: Launching Executing clean in F__ARCHIVOS_INSTITUTO CIBERTEC CLASES_LENGUAJE DE PROGRAMACIÓN II_CLASES LPII_SESIÓN 10 LPII_LPII_Sesión_10 - Sol_LPII_Spring_Ventas] INFO  o.eclipse.m2e.core.internal.Bundles - 	Entry: C:\SpringToolSuite4\plugins\org.eclipse.m2e.maven.runtime_3.9.700.20240602-2313\jars\wagon-file-3.5.3.jar
2025-01-11 23:01:04,602 [Worker-4: Launching Executing clean in F__ARCHIVOS_INSTITUTO CIBERTEC CLASES_LENGUAJE DE PROGRAMACIÓN II_CLASES LPII_SESIÓN 10 LPII_LPII_Sesión_10 - Sol_LPII_Spring_Ventas] INFO  o.eclipse.m2e.core.internal.Bundles - 	Entry: C:\SpringToolSuite4\plugins\org.eclipse.m2e.maven.runtime_3.9.700.20240602-2313\jars\wagon-http-3.5.3.jar
2025-01-11 23:01:04,602 [Worker-4: Launching Executing clean in F__ARCHIVOS_INSTITUTO CIBERTEC CLASES_LENGUAJE DE PROGRAMACIÓN II_CLASES LPII_SESIÓN 10 LPII_LPII_Sesión_10 - Sol_LPII_Spring_Ventas] INFO  o.eclipse.m2e.core.internal.Bundles - 	Entry: C:\SpringToolSuite4\plugins\org.eclipse.m2e.maven.runtime_3.9.700.20240602-2313\jars\wagon-http-shared-3.5.3.jar
2025-01-11 23:01:04,602 [Worker-4: Launching Executing clean in F__ARCHIVOS_INSTITUTO CIBERTEC CLASES_LENGUAJE DE PROGRAMACIÓN II_CLASES LPII_SESIÓN 10 LPII_LPII_Sesión_10 - Sol_LPII_Spring_Ventas] INFO  o.eclipse.m2e.core.internal.Bundles - 	Entry: C:\SpringToolSuite4\plugins\org.eclipse.m2e.maven.runtime_3.9.700.20240602-2313\jars\wagon-provider-api-3.5.3.jar
2025-01-11 23:01:04,602 [Worker-4: Launching Executing clean in F__ARCHIVOS_INSTITUTO CIBERTEC CLASES_LENGUAJE DE PROGRAMACIÓN II_CLASES LPII_SESIÓN 10 LPII_LPII_Sesión_10 - Sol_LPII_Spring_Ventas] INFO  o.eclipse.m2e.core.internal.Bundles - getClasspathEntries(Bundle=com.google.guava_33.2.0.jre [29])
2025-01-11 23:01:04,603 [Worker-4: Launching Executing clean in F__ARCHIVOS_INSTITUTO CIBERTEC CLASES_LENGUAJE DE PROGRAMACIÓN II_CLASES LPII_SESIÓN 10 LPII_LPII_Sesión_10 - Sol_LPII_Spring_Ventas] INFO  o.eclipse.m2e.core.internal.Bundles - 	Entry: C:\SpringToolSuite4\plugins\com.google.guava_33.2.0.jre.jar
2025-01-11 23:01:04,603 [Worker-4: Launching Executing clean in F__ARCHIVOS_INSTITUTO CIBERTEC CLASES_LENGUAJE DE PROGRAMACIÓN II_CLASES LPII_SESIÓN 10 LPII_LPII_Sesión_10 - Sol_LPII_Spring_Ventas] INFO  o.eclipse.m2e.core.internal.Bundles - getClasspathEntries(Bundle=slf4j.api_2.0.13 [590])
2025-01-11 23:01:04,603 [Worker-4: Launching Executing clean in F__ARCHIVOS_INSTITUTO CIBERTEC CLASES_LENGUAJE DE PROGRAMACIÓN II_CLASES LPII_SESIÓN 10 LPII_LPII_Sesión_10 - Sol_LPII_Spring_Ventas] INFO  o.eclipse.m2e.core.internal.Bundles - 	Entry: C:\SpringToolSuite4\plugins\slf4j.api_2.0.13.jar
2025-01-11 23:01:04,603 [Worker-4: Launching Executing clean in F__ARCHIVOS_INSTITUTO CIBERTEC CLASES_LENGUAJE DE PROGRAMACIÓN II_CLASES LPII_SESIÓN 10 LPII_LPII_Sesión_10 - Sol_LPII_Spring_Ventas] INFO  o.eclipse.m2e.core.internal.Bundles - getClasspathEntries(Bundle=jakarta.inject.jakarta.inject-api_1.0.5 [44])
2025-01-11 23:01:04,603 [Worker-4: Launching Executing clean in F__ARCHIVOS_INSTITUTO CIBERTEC CLASES_LENGUAJE DE PROGRAMACIÓN II_CLASES LPII_SESIÓN 10 LPII_LPII_Sesión_10 - Sol_LPII_Spring_Ventas] INFO  o.eclipse.m2e.core.internal.Bundles - 	Entry: C:\SpringToolSuite4\plugins\jakarta.inject.jakarta.inject-api_1.0.5.jar
2025-01-11 23:01:04,603 [Worker-4: Launching Executing clean in F__ARCHIVOS_INSTITUTO CIBERTEC CLASES_LENGUAJE DE PROGRAMACIÓN II_CLASES LPII_SESIÓN 10 LPII_LPII_Sesión_10 - Sol_LPII_Spring_Ventas] INFO  o.eclipse.m2e.core.internal.Bundles - getClasspathEntries(Bundle=javax.annotation_1.3.5.v20200909-1856 [53])
2025-01-11 23:01:04,605 [Worker-4: Launching Executing clean in F__ARCHIVOS_INSTITUTO CIBERTEC CLASES_LENGUAJE DE PROGRAMACIÓN II_CLASES LPII_SESIÓN 10 LPII_LPII_Sesión_10 - Sol_LPII_Spring_Ventas] INFO  o.eclipse.m2e.core.internal.Bundles - 	Entry: C:\SpringToolSuite4\plugins\javax.annotation_1.3.5.v20200909-1856.jar
2025-01-11 23:01:04,605 [Worker-4: Launching Executing clean in F__ARCHIVOS_INSTITUTO CIBERTEC CLASES_LENGUAJE DE PROGRAMACIÓN II_CLASES LPII_SESIÓN 10 LPII_LPII_Sesión_10 - Sol_LPII_Spring_Ventas] INFO  o.eclipse.m2e.core.internal.Bundles - getClasspathEntries(Bundle=org.apache.commons.cli_1.8.0 [76])
2025-01-11 23:01:04,605 [Worker-4: Launching Executing clean in F__ARCHIVOS_INSTITUTO CIBERTEC CLASES_LENGUAJE DE PROGRAMACIÓN II_CLASES LPII_SESIÓN 10 LPII_LPII_Sesión_10 - Sol_LPII_Spring_Ventas] INFO  o.eclipse.m2e.core.internal.Bundles - 	Entry: C:\SpringToolSuite4\plugins\org.apache.commons.cli_1.8.0.jar
2025-01-11 23:01:04,605 [Worker-4: Launching Executing clean in F__ARCHIVOS_INSTITUTO CIBERTEC CLASES_LENGUAJE DE PROGRAMACIÓN II_CLASES LPII_SESIÓN 10 LPII_LPII_Sesión_10 - Sol_LPII_Spring_Ventas] INFO  o.eclipse.m2e.core.internal.Bundles - getClasspathEntries(Bundle=org.apache.commons.commons-codec_1.16.0 [78])
2025-01-11 23:01:04,605 [Worker-4: Launching Executing clean in F__ARCHIVOS_INSTITUTO CIBERTEC CLASES_LENGUAJE DE PROGRAMACIÓN II_CLASES LPII_SESIÓN 10 LPII_LPII_Sesión_10 - Sol_LPII_Spring_Ventas] INFO  o.eclipse.m2e.core.internal.Bundles - 	Entry: C:\SpringToolSuite4\plugins\org.apache.commons.commons-codec_1.16.0.jar
2025-01-11 23:01:04,605 [Worker-4: Launching Executing clean in F__ARCHIVOS_INSTITUTO CIBERTEC CLASES_LENGUAJE DE PROGRAMACIÓN II_CLASES LPII_SESIÓN 10 LPII_LPII_Sesión_10 - Sol_LPII_Spring_Ventas] INFO  o.eclipse.m2e.core.internal.Bundles - getClasspathEntries(Bundle=org.apache.commons.lang3_3.14.0 [82])
2025-01-11 23:01:04,605 [Worker-4: Launching Executing clean in F__ARCHIVOS_INSTITUTO CIBERTEC CLASES_LENGUAJE DE PROGRAMACIÓN II_CLASES LPII_SESIÓN 10 LPII_LPII_Sesión_10 - Sol_LPII_Spring_Ventas] INFO  o.eclipse.m2e.core.internal.Bundles - 	Entry: C:\SpringToolSuite4\plugins\org.apache.commons.lang3_3.14.0.jar
2025-01-11 23:01:04,605 [Worker-4: Launching Executing clean in F__ARCHIVOS_INSTITUTO CIBERTEC CLASES_LENGUAJE DE PROGRAMACIÓN II_CLASES LPII_SESIÓN 10 LPII_LPII_Sesión_10 - Sol_LPII_Spring_Ventas] INFO  o.eclipse.m2e.core.internal.Bundles - getClasspathEntries(Bundle=com.google.guava.failureaccess_1.0.2 [30])
2025-01-11 23:01:04,606 [Worker-4: Launching Executing clean in F__ARCHIVOS_INSTITUTO CIBERTEC CLASES_LENGUAJE DE PROGRAMACIÓN II_CLASES LPII_SESIÓN 10 LPII_LPII_Sesión_10 - Sol_LPII_Spring_Ventas] INFO  o.eclipse.m2e.core.internal.Bundles - 	Entry: C:\SpringToolSuite4\plugins\com.google.guava.failureaccess_1.0.2.jar
2025-01-11 23:01:04,652 [Worker-4: Launching Executing clean in F__ARCHIVOS_INSTITUTO CIBERTEC CLASES_LENGUAJE DE PROGRAMACIÓN II_CLASES LPII_SESIÓN 10 LPII_LPII_Sesión_10 - Sol_LPII_Spring_Ventas] INFO  o.e.m.i.launch.MavenLaunchDelegate - Run build in "F:\ARCHIVOS\INSTITUTO CIBERTEC CLASES\LENGUAJE DE PROGRAMACIÓN II\CLASES LPII\SESIÓN 10 LPII\LPII_Sesión_10 - Sol\LPII_Spring_Ventas":
2025-01-11 23:01:04,657 [Worker-4: Launching Executing clean in F__ARCHIVOS_INSTITUTO CIBERTEC CLASES_LENGUAJE DE PROGRAMACIÓN II_CLASES LPII_SESIÓN 10 LPII_LPII_Sesión_10 - Sol_LPII_Spring_Ventas] INFO  o.e.m.i.launch.MavenLaunchDelegate -  mvn  -Ppom.xml -B -Dstyle.color=always clean
2025-01-11 23:01:07,421 [Worker-12: Building] INFO  o.e.m.c.i.embedder.EclipseLogger - Using 'UTF-8' encoding to copy filtered resources.
2025-01-11 23:01:07,421 [Worker-12: Building] INFO  o.e.m.c.i.embedder.EclipseLogger - Using 'UTF-8' encoding to copy filtered properties files.
2025-01-11 23:01:07,421 [Worker-12: Building] INFO  o.e.m.c.i.embedder.EclipseLogger - Copying 1 resource
2025-01-11 23:01:07,425 [Worker-12: Building] INFO  o.e.m.c.i.embedder.EclipseLogger - Copying 15 resources
2025-01-11 23:01:07,477 [Worker-12: Building] INFO  o.e.m.c.i.embedder.EclipseLogger - Using 'UTF-8' encoding to copy filtered resources.
2025-01-11 23:01:07,477 [Worker-12: Building] INFO  o.e.m.c.i.embedder.EclipseLogger - Using 'UTF-8' encoding to copy filtered properties files.
2025-01-11 23:01:07,477 [Worker-12: Building] INFO  o.e.m.c.i.embedder.EclipseLogger - skip non existing resourceDirectory F:\ARCHIVOS\INSTITUTO CIBERTEC CLASES\LENGUAJE DE PROGRAMACIÓN II\CLASES LPII\SESIÓN 10 LPII\LPII_Sesión_10 - Sol\LPII_Spring_Ventas\src\test\resources
2025-01-11 23:01:07,480 [Worker-12: Building] INFO  o.e.m.w.i.f.ResourceFilteringBuildParticipant - Changed resources require a complete clean of filtered resources of LPII_Spring_Ventas
2025-01-11 23:01:07,480 [Worker-12: Building] INFO  o.e.m.w.i.f.ResourceFilteringBuildParticipant - Executing resource filtering for LPII_Spring_Ventas
2025-01-11 23:01:19,651 [Worker-12: Updating Maven Project] INFO  o.e.m.c.i.p.ProjectConfigurationManager - Update started
2025-01-11 23:01:23,136 [Worker-12: Updating Maven Project] INFO  o.e.m.c.i.l.LifecycleMappingFactory - Using org.maven.ide.eclipse.wtp.WarLifecycleMapping lifecycle mapping for MavenProject: com.cibertec.app:LPII_Spring_Ventas:0.0.1-SNAPSHOT @ F:\ARCHIVOS\INSTITUTO CIBERTEC CLASES\LENGUAJE DE PROGRAMACIÓN II\CLASES LPII\SESIÓN 10 LPII\LPII_Sesión_10 - Sol\LPII_Spring_Ventas\pom.xml.
2025-01-11 23:01:25,590 [Worker-12: Updating Maven Project] INFO  o.e.m.j.i.AbstractJavaProjectConfigurator - Adding source folder /LPII_Spring_Ventas/src/main/java
2025-01-11 23:01:25,592 [Worker-12: Updating Maven Project] INFO  o.e.m.j.i.AbstractJavaProjectConfigurator - Adding resource folder /LPII_Spring_Ventas/src/main/resources
2025-01-11 23:01:25,594 [Worker-12: Updating Maven Project] INFO  o.e.m.j.i.AbstractJavaProjectConfigurator - Adding resource folder /LPII_Spring_Ventas/src/main/resources
2025-01-11 23:01:25,595 [Worker-12: Updating Maven Project] INFO  o.e.m.j.i.AbstractJavaProjectConfigurator - Adding source folder /LPII_Spring_Ventas/src/test/java
2025-01-11 23:01:25,597 [Worker-12: Updating Maven Project] INFO  o.e.m.j.i.AbstractJavaProjectConfigurator - Adding resource folder /LPII_Spring_Ventas/src/test/resources
2025-01-11 23:01:26,753 [Worker-12: Updating Maven Project] INFO  o.e.m.w.i.f.ResourceFilteringBuildParticipant - Cleaning filtered folder for LPII_Spring_Ventas
2025-01-11 23:01:26,783 [Worker-12: Updating Maven Project] INFO  o.e.m.c.i.p.ProjectConfigurationManager - Update completed for 1 poms: local refresh takes 0.00 sec, refresh facades takes 5.00 sec, update config takes 1.00 sec 
2025-01-11 23:01:28,113 [Worker-5: Building] INFO  o.e.m.c.i.embedder.EclipseLogger - Using 'UTF-8' encoding to copy filtered resources.
2025-01-11 23:01:28,113 [Worker-5: Building] INFO  o.e.m.c.i.embedder.EclipseLogger - Using 'UTF-8' encoding to copy filtered properties files.
2025-01-11 23:01:28,114 [Worker-5: Building] INFO  o.e.m.c.i.embedder.EclipseLogger - Copying 1 resource
2025-01-11 23:01:28,130 [Worker-5: Building] INFO  o.e.m.c.i.embedder.EclipseLogger - Copying 15 resources
2025-01-11 23:01:28,182 [Worker-5: Building] INFO  o.e.m.c.i.embedder.EclipseLogger - Using 'UTF-8' encoding to copy filtered resources.
2025-01-11 23:01:28,182 [Worker-5: Building] INFO  o.e.m.c.i.embedder.EclipseLogger - Using 'UTF-8' encoding to copy filtered properties files.
2025-01-11 23:01:28,182 [Worker-5: Building] INFO  o.e.m.c.i.embedder.EclipseLogger - skip non existing resourceDirectory F:\ARCHIVOS\INSTITUTO CIBERTEC CLASES\LENGUAJE DE PROGRAMACIÓN II\CLASES LPII\SESIÓN 10 LPII\LPII_Sesión_10 - Sol\LPII_Spring_Ventas\src\test\resources
2025-01-11 23:01:28,183 [Worker-5: Building] INFO  o.e.m.w.i.f.ResourceFilteringBuildParticipant - Changed resources require a complete clean of filtered resources of LPII_Spring_Ventas
2025-01-11 23:01:28,183 [Worker-5: Building] INFO  o.e.m.w.i.f.ResourceFilteringBuildParticipant - Executing resource filtering for LPII_Spring_Ventas
2025-01-11 23:02:48,427 [Worker-7: Building] INFO  o.e.m.c.i.embedder.EclipseLogger - Using 'UTF-8' encoding to copy filtered resources.
2025-01-11 23:02:48,427 [Worker-7: Building] INFO  o.e.m.c.i.embedder.EclipseLogger - Using 'UTF-8' encoding to copy filtered properties files.
2025-01-11 23:02:48,429 [Worker-7: Building] INFO  o.e.m.c.i.embedder.EclipseLogger - Copying 1 resource
2025-01-11 23:02:48,441 [Worker-7: Building] INFO  o.e.m.c.i.embedder.EclipseLogger - Copying 0 resource
2025-01-11 23:02:48,444 [Worker-7: Building] INFO  o.e.m.c.i.embedder.EclipseLogger - Using 'UTF-8' encoding to copy filtered resources.
2025-01-11 23:02:48,444 [Worker-7: Building] INFO  o.e.m.c.i.embedder.EclipseLogger - Using 'UTF-8' encoding to copy filtered properties files.
2025-01-11 23:02:48,444 [Worker-7: Building] INFO  o.e.m.c.i.embedder.EclipseLogger - skip non existing resourceDirectory F:\ARCHIVOS\INSTITUTO CIBERTEC CLASES\LENGUAJE DE PROGRAMACIÓN II\CLASES LPII\SESIÓN 10 LPII\LPII_Sesión_10 - Sol\LPII_Spring_Ventas\src\test\resources
2025-01-12 21:25:11,171 [Worker-1: Loading available Gradle versions] INFO  o.e.b.c.i.u.g.PublishedGradleVersions - Gradle version information cache is up-to-date. Trying to read.
2025-06-20 10:28:13,306 [Worker-6: Loading available Gradle versions] INFO  o.e.b.c.i.u.g.PublishedGradleVersions - Gradle version information cache is not available. Remote download required.
2025-06-20 10:28:19,063 [Worker-3: Building] WARN  o.a.m.r.i.DefaultArtifactDescriptorReader - 1 problem was encountered while building the effective model for org.javassist:javassist:jar:3.20.0-GA during dependency collection step for project (use -X to see details)
2025-06-20 10:28:50,311 [Worker-5: Launching Executing clean in F__ARCHIVOS_INSTITUTO CIBERTEC CLASES_LENGUAJE DE PROGRAMACIÓN II_CLASES LPII_SESIÓN 10 LPII_LPII_Sesión_10 - Sol_LPII_Spring_Ventas] INFO  o.eclipse.m2e.core.internal.Bundles - getClasspathEntries(Bundle=org.eclipse.m2e.maven.runtime_3.9.900.20240824-1409 [364])
2025-06-20 10:28:50,315 [Worker-5: Launching Executing clean in F__ARCHIVOS_INSTITUTO CIBERTEC CLASES_LENGUAJE DE PROGRAMACIÓN II_CLASES LPII_SESIÓN 10 LPII_LPII_Sesión_10 - Sol_LPII_Spring_Ventas] INFO  o.eclipse.m2e.core.internal.Bundles - 	Entry: E:\Eclipse\SpringToolSuite4\plugins\org.eclipse.m2e.maven.runtime_3.9.900.20240824-1409
2025-06-20 10:28:50,315 [Worker-5: Launching Executing clean in F__ARCHIVOS_INSTITUTO CIBERTEC CLASES_LENGUAJE DE PROGRAMACIÓN II_CLASES LPII_SESIÓN 10 LPII_LPII_Sesión_10 - Sol_LPII_Spring_Ventas] INFO  o.eclipse.m2e.core.internal.Bundles - 	Entry: E:\Eclipse\SpringToolSuite4\plugins\org.eclipse.m2e.maven.runtime_3.9.900.20240824-1409\jars\aopalliance-1.0.jar
2025-06-20 10:28:50,315 [Worker-5: Launching Executing clean in F__ARCHIVOS_INSTITUTO CIBERTEC CLASES_LENGUAJE DE PROGRAMACIÓN II_CLASES LPII_SESIÓN 10 LPII_LPII_Sesión_10 - Sol_LPII_Spring_Ventas] INFO  o.eclipse.m2e.core.internal.Bundles - 	Entry: E:\Eclipse\SpringToolSuite4\plugins\org.eclipse.m2e.maven.runtime_3.9.900.20240824-1409\jars\guice-5.1.0.jar
2025-06-20 10:28:50,316 [Worker-5: Launching Executing clean in F__ARCHIVOS_INSTITUTO CIBERTEC CLASES_LENGUAJE DE PROGRAMACIÓN II_CLASES LPII_SESIÓN 10 LPII_LPII_Sesión_10 - Sol_LPII_Spring_Ventas] INFO  o.eclipse.m2e.core.internal.Bundles - 	Entry: E:\Eclipse\SpringToolSuite4\plugins\org.eclipse.m2e.maven.runtime_3.9.900.20240824-1409\jars\httpclient-4.5.14.jar
2025-06-20 10:28:50,316 [Worker-5: Launching Executing clean in F__ARCHIVOS_INSTITUTO CIBERTEC CLASES_LENGUAJE DE PROGRAMACIÓN II_CLASES LPII_SESIÓN 10 LPII_LPII_Sesión_10 - Sol_LPII_Spring_Ventas] INFO  o.eclipse.m2e.core.internal.Bundles - 	Entry: E:\Eclipse\SpringToolSuite4\plugins\org.eclipse.m2e.maven.runtime_3.9.900.20240824-1409\jars\httpcore-4.4.16.jar
2025-06-20 10:28:50,316 [Worker-5: Launching Executing clean in F__ARCHIVOS_INSTITUTO CIBERTEC CLASES_LENGUAJE DE PROGRAMACIÓN II_CLASES LPII_SESIÓN 10 LPII_LPII_Sesión_10 - Sol_LPII_Spring_Ventas] INFO  o.eclipse.m2e.core.internal.Bundles - 	Entry: E:\Eclipse\SpringToolSuite4\plugins\org.eclipse.m2e.maven.runtime_3.9.900.20240824-1409\jars\jansi-2.4.1.jar
2025-06-20 10:28:50,316 [Worker-5: Launching Executing clean in F__ARCHIVOS_INSTITUTO CIBERTEC CLASES_LENGUAJE DE PROGRAMACIÓN II_CLASES LPII_SESIÓN 10 LPII_LPII_Sesión_10 - Sol_LPII_Spring_Ventas] INFO  o.eclipse.m2e.core.internal.Bundles - 	Entry: E:\Eclipse\SpringToolSuite4\plugins\org.eclipse.m2e.maven.runtime_3.9.900.20240824-1409\jars\jcl-over-slf4j-1.7.36.jar
2025-06-20 10:28:50,316 [Worker-5: Launching Executing clean in F__ARCHIVOS_INSTITUTO CIBERTEC CLASES_LENGUAJE DE PROGRAMACIÓN II_CLASES LPII_SESIÓN 10 LPII_LPII_Sesión_10 - Sol_LPII_Spring_Ventas] INFO  o.eclipse.m2e.core.internal.Bundles - 	Entry: E:\Eclipse\SpringToolSuite4\plugins\org.eclipse.m2e.maven.runtime_3.9.900.20240824-1409\jars\maven-artifact-3.9.9.jar
2025-06-20 10:28:50,316 [Worker-5: Launching Executing clean in F__ARCHIVOS_INSTITUTO CIBERTEC CLASES_LENGUAJE DE PROGRAMACIÓN II_CLASES LPII_SESIÓN 10 LPII_LPII_Sesión_10 - Sol_LPII_Spring_Ventas] INFO  o.eclipse.m2e.core.internal.Bundles - 	Entry: E:\Eclipse\SpringToolSuite4\plugins\org.eclipse.m2e.maven.runtime_3.9.900.20240824-1409\jars\maven-builder-support-3.9.9.jar
2025-06-20 10:28:50,316 [Worker-5: Launching Executing clean in F__ARCHIVOS_INSTITUTO CIBERTEC CLASES_LENGUAJE DE PROGRAMACIÓN II_CLASES LPII_SESIÓN 10 LPII_LPII_Sesión_10 - Sol_LPII_Spring_Ventas] INFO  o.eclipse.m2e.core.internal.Bundles - 	Entry: E:\Eclipse\SpringToolSuite4\plugins\org.eclipse.m2e.maven.runtime_3.9.900.20240824-1409\jars\maven-compat-3.9.9.jar
2025-06-20 10:28:50,317 [Worker-5: Launching Executing clean in F__ARCHIVOS_INSTITUTO CIBERTEC CLASES_LENGUAJE DE PROGRAMACIÓN II_CLASES LPII_SESIÓN 10 LPII_LPII_Sesión_10 - Sol_LPII_Spring_Ventas] INFO  o.eclipse.m2e.core.internal.Bundles - 	Entry: E:\Eclipse\SpringToolSuite4\plugins\org.eclipse.m2e.maven.runtime_3.9.900.20240824-1409\jars\maven-core-3.9.9.jar
2025-06-20 10:28:50,317 [Worker-5: Launching Executing clean in F__ARCHIVOS_INSTITUTO CIBERTEC CLASES_LENGUAJE DE PROGRAMACIÓN II_CLASES LPII_SESIÓN 10 LPII_LPII_Sesión_10 - Sol_LPII_Spring_Ventas] INFO  o.eclipse.m2e.core.internal.Bundles - 	Entry: E:\Eclipse\SpringToolSuite4\plugins\org.eclipse.m2e.maven.runtime_3.9.900.20240824-1409\jars\maven-embedder-3.9.9.jar
2025-06-20 10:28:50,317 [Worker-5: Launching Executing clean in F__ARCHIVOS_INSTITUTO CIBERTEC CLASES_LENGUAJE DE PROGRAMACIÓN II_CLASES LPII_SESIÓN 10 LPII_LPII_Sesión_10 - Sol_LPII_Spring_Ventas] INFO  o.eclipse.m2e.core.internal.Bundles - 	Entry: E:\Eclipse\SpringToolSuite4\plugins\org.eclipse.m2e.maven.runtime_3.9.900.20240824-1409\jars\maven-model-3.9.9.jar
2025-06-20 10:28:50,317 [Worker-5: Launching Executing clean in F__ARCHIVOS_INSTITUTO CIBERTEC CLASES_LENGUAJE DE PROGRAMACIÓN II_CLASES LPII_SESIÓN 10 LPII_LPII_Sesión_10 - Sol_LPII_Spring_Ventas] INFO  o.eclipse.m2e.core.internal.Bundles - 	Entry: E:\Eclipse\SpringToolSuite4\plugins\org.eclipse.m2e.maven.runtime_3.9.900.20240824-1409\jars\maven-model-builder-3.9.9.jar
2025-06-20 10:28:50,317 [Worker-5: Launching Executing clean in F__ARCHIVOS_INSTITUTO CIBERTEC CLASES_LENGUAJE DE PROGRAMACIÓN II_CLASES LPII_SESIÓN 10 LPII_LPII_Sesión_10 - Sol_LPII_Spring_Ventas] INFO  o.eclipse.m2e.core.internal.Bundles - 	Entry: E:\Eclipse\SpringToolSuite4\plugins\org.eclipse.m2e.maven.runtime_3.9.900.20240824-1409\jars\maven-plugin-api-3.9.9.jar
2025-06-20 10:28:50,317 [Worker-5: Launching Executing clean in F__ARCHIVOS_INSTITUTO CIBERTEC CLASES_LENGUAJE DE PROGRAMACIÓN II_CLASES LPII_SESIÓN 10 LPII_LPII_Sesión_10 - Sol_LPII_Spring_Ventas] INFO  o.eclipse.m2e.core.internal.Bundles - 	Entry: E:\Eclipse\SpringToolSuite4\plugins\org.eclipse.m2e.maven.runtime_3.9.900.20240824-1409\jars\maven-repository-metadata-3.9.9.jar
2025-06-20 10:28:50,317 [Worker-5: Launching Executing clean in F__ARCHIVOS_INSTITUTO CIBERTEC CLASES_LENGUAJE DE PROGRAMACIÓN II_CLASES LPII_SESIÓN 10 LPII_LPII_Sesión_10 - Sol_LPII_Spring_Ventas] INFO  o.eclipse.m2e.core.internal.Bundles - 	Entry: E:\Eclipse\SpringToolSuite4\plugins\org.eclipse.m2e.maven.runtime_3.9.900.20240824-1409\jars\maven-resolver-api-1.9.22.jar
2025-06-20 10:28:50,317 [Worker-5: Launching Executing clean in F__ARCHIVOS_INSTITUTO CIBERTEC CLASES_LENGUAJE DE PROGRAMACIÓN II_CLASES LPII_SESIÓN 10 LPII_LPII_Sesión_10 - Sol_LPII_Spring_Ventas] INFO  o.eclipse.m2e.core.internal.Bundles - 	Entry: E:\Eclipse\SpringToolSuite4\plugins\org.eclipse.m2e.maven.runtime_3.9.900.20240824-1409\jars\maven-resolver-connector-basic-1.9.22.jar
2025-06-20 10:28:50,317 [Worker-5: Launching Executing clean in F__ARCHIVOS_INSTITUTO CIBERTEC CLASES_LENGUAJE DE PROGRAMACIÓN II_CLASES LPII_SESIÓN 10 LPII_LPII_Sesión_10 - Sol_LPII_Spring_Ventas] INFO  o.eclipse.m2e.core.internal.Bundles - 	Entry: E:\Eclipse\SpringToolSuite4\plugins\org.eclipse.m2e.maven.runtime_3.9.900.20240824-1409\jars\maven-resolver-impl-1.9.22.jar
2025-06-20 10:28:50,318 [Worker-5: Launching Executing clean in F__ARCHIVOS_INSTITUTO CIBERTEC CLASES_LENGUAJE DE PROGRAMACIÓN II_CLASES LPII_SESIÓN 10 LPII_LPII_Sesión_10 - Sol_LPII_Spring_Ventas] INFO  o.eclipse.m2e.core.internal.Bundles - 	Entry: E:\Eclipse\SpringToolSuite4\plugins\org.eclipse.m2e.maven.runtime_3.9.900.20240824-1409\jars\maven-resolver-named-locks-1.9.22.jar
2025-06-20 10:28:50,318 [Worker-5: Launching Executing clean in F__ARCHIVOS_INSTITUTO CIBERTEC CLASES_LENGUAJE DE PROGRAMACIÓN II_CLASES LPII_SESIÓN 10 LPII_LPII_Sesión_10 - Sol_LPII_Spring_Ventas] INFO  o.eclipse.m2e.core.internal.Bundles - 	Entry: E:\Eclipse\SpringToolSuite4\plugins\org.eclipse.m2e.maven.runtime_3.9.900.20240824-1409\jars\maven-resolver-provider-3.9.9.jar
2025-06-20 10:28:50,318 [Worker-5: Launching Executing clean in F__ARCHIVOS_INSTITUTO CIBERTEC CLASES_LENGUAJE DE PROGRAMACIÓN II_CLASES LPII_SESIÓN 10 LPII_LPII_Sesión_10 - Sol_LPII_Spring_Ventas] INFO  o.eclipse.m2e.core.internal.Bundles - 	Entry: E:\Eclipse\SpringToolSuite4\plugins\org.eclipse.m2e.maven.runtime_3.9.900.20240824-1409\jars\maven-resolver-spi-1.9.22.jar
2025-06-20 10:28:50,318 [Worker-5: Launching Executing clean in F__ARCHIVOS_INSTITUTO CIBERTEC CLASES_LENGUAJE DE PROGRAMACIÓN II_CLASES LPII_SESIÓN 10 LPII_LPII_Sesión_10 - Sol_LPII_Spring_Ventas] INFO  o.eclipse.m2e.core.internal.Bundles - 	Entry: E:\Eclipse\SpringToolSuite4\plugins\org.eclipse.m2e.maven.runtime_3.9.900.20240824-1409\jars\maven-resolver-transport-file-1.9.22.jar
2025-06-20 10:28:50,318 [Worker-5: Launching Executing clean in F__ARCHIVOS_INSTITUTO CIBERTEC CLASES_LENGUAJE DE PROGRAMACIÓN II_CLASES LPII_SESIÓN 10 LPII_LPII_Sesión_10 - Sol_LPII_Spring_Ventas] INFO  o.eclipse.m2e.core.internal.Bundles - 	Entry: E:\Eclipse\SpringToolSuite4\plugins\org.eclipse.m2e.maven.runtime_3.9.900.20240824-1409\jars\maven-resolver-transport-http-1.9.22.jar
2025-06-20 10:28:50,318 [Worker-5: Launching Executing clean in F__ARCHIVOS_INSTITUTO CIBERTEC CLASES_LENGUAJE DE PROGRAMACIÓN II_CLASES LPII_SESIÓN 10 LPII_LPII_Sesión_10 - Sol_LPII_Spring_Ventas] INFO  o.eclipse.m2e.core.internal.Bundles - 	Entry: E:\Eclipse\SpringToolSuite4\plugins\org.eclipse.m2e.maven.runtime_3.9.900.20240824-1409\jars\maven-resolver-transport-wagon-1.9.22.jar
2025-06-20 10:28:50,318 [Worker-5: Launching Executing clean in F__ARCHIVOS_INSTITUTO CIBERTEC CLASES_LENGUAJE DE PROGRAMACIÓN II_CLASES LPII_SESIÓN 10 LPII_LPII_Sesión_10 - Sol_LPII_Spring_Ventas] INFO  o.eclipse.m2e.core.internal.Bundles - 	Entry: E:\Eclipse\SpringToolSuite4\plugins\org.eclipse.m2e.maven.runtime_3.9.900.20240824-1409\jars\maven-resolver-util-1.9.22.jar
2025-06-20 10:28:50,318 [Worker-5: Launching Executing clean in F__ARCHIVOS_INSTITUTO CIBERTEC CLASES_LENGUAJE DE PROGRAMACIÓN II_CLASES LPII_SESIÓN 10 LPII_LPII_Sesión_10 - Sol_LPII_Spring_Ventas] INFO  o.eclipse.m2e.core.internal.Bundles - 	Entry: E:\Eclipse\SpringToolSuite4\plugins\org.eclipse.m2e.maven.runtime_3.9.900.20240824-1409\jars\maven-settings-3.9.9.jar
2025-06-20 10:28:50,318 [Worker-5: Launching Executing clean in F__ARCHIVOS_INSTITUTO CIBERTEC CLASES_LENGUAJE DE PROGRAMACIÓN II_CLASES LPII_SESIÓN 10 LPII_LPII_Sesión_10 - Sol_LPII_Spring_Ventas] INFO  o.eclipse.m2e.core.internal.Bundles - 	Entry: E:\Eclipse\SpringToolSuite4\plugins\org.eclipse.m2e.maven.runtime_3.9.900.20240824-1409\jars\maven-settings-builder-3.9.9.jar
2025-06-20 10:28:50,318 [Worker-5: Launching Executing clean in F__ARCHIVOS_INSTITUTO CIBERTEC CLASES_LENGUAJE DE PROGRAMACIÓN II_CLASES LPII_SESIÓN 10 LPII_LPII_Sesión_10 - Sol_LPII_Spring_Ventas] INFO  o.eclipse.m2e.core.internal.Bundles - 	Entry: E:\Eclipse\SpringToolSuite4\plugins\org.eclipse.m2e.maven.runtime_3.9.900.20240824-1409\jars\maven-shared-utils-3.4.2.jar
2025-06-20 10:28:50,318 [Worker-5: Launching Executing clean in F__ARCHIVOS_INSTITUTO CIBERTEC CLASES_LENGUAJE DE PROGRAMACIÓN II_CLASES LPII_SESIÓN 10 LPII_LPII_Sesión_10 - Sol_LPII_Spring_Ventas] INFO  o.eclipse.m2e.core.internal.Bundles - 	Entry: E:\Eclipse\SpringToolSuite4\plugins\org.eclipse.m2e.maven.runtime_3.9.900.20240824-1409\jars\org.eclipse.sisu.inject-0.9.0.M3.jar
2025-06-20 10:28:50,318 [Worker-5: Launching Executing clean in F__ARCHIVOS_INSTITUTO CIBERTEC CLASES_LENGUAJE DE PROGRAMACIÓN II_CLASES LPII_SESIÓN 10 LPII_LPII_Sesión_10 - Sol_LPII_Spring_Ventas] INFO  o.eclipse.m2e.core.internal.Bundles - 	Entry: E:\Eclipse\SpringToolSuite4\plugins\org.eclipse.m2e.maven.runtime_3.9.900.20240824-1409\jars\org.eclipse.sisu.plexus-0.9.0.M3.jar
2025-06-20 10:28:50,319 [Worker-5: Launching Executing clean in F__ARCHIVOS_INSTITUTO CIBERTEC CLASES_LENGUAJE DE PROGRAMACIÓN II_CLASES LPII_SESIÓN 10 LPII_LPII_Sesión_10 - Sol_LPII_Spring_Ventas] INFO  o.eclipse.m2e.core.internal.Bundles - 	Entry: E:\Eclipse\SpringToolSuite4\plugins\org.eclipse.m2e.maven.runtime_3.9.900.20240824-1409\jars\plexus-build-api-0.0.7.jar
2025-06-20 10:28:50,319 [Worker-5: Launching Executing clean in F__ARCHIVOS_INSTITUTO CIBERTEC CLASES_LENGUAJE DE PROGRAMACIÓN II_CLASES LPII_SESIÓN 10 LPII_LPII_Sesión_10 - Sol_LPII_Spring_Ventas] INFO  o.eclipse.m2e.core.internal.Bundles - 	Entry: E:\Eclipse\SpringToolSuite4\plugins\org.eclipse.m2e.maven.runtime_3.9.900.20240824-1409\jars\plexus-build-api-1.2.0.jar
2025-06-20 10:28:50,319 [Worker-5: Launching Executing clean in F__ARCHIVOS_INSTITUTO CIBERTEC CLASES_LENGUAJE DE PROGRAMACIÓN II_CLASES LPII_SESIÓN 10 LPII_LPII_Sesión_10 - Sol_LPII_Spring_Ventas] INFO  o.eclipse.m2e.core.internal.Bundles - 	Entry: E:\Eclipse\SpringToolSuite4\plugins\org.eclipse.m2e.maven.runtime_3.9.900.20240824-1409\jars\plexus-cipher-2.0.jar
2025-06-20 10:28:50,319 [Worker-5: Launching Executing clean in F__ARCHIVOS_INSTITUTO CIBERTEC CLASES_LENGUAJE DE PROGRAMACIÓN II_CLASES LPII_SESIÓN 10 LPII_LPII_Sesión_10 - Sol_LPII_Spring_Ventas] INFO  o.eclipse.m2e.core.internal.Bundles - 	Entry: E:\Eclipse\SpringToolSuite4\plugins\org.eclipse.m2e.maven.runtime_3.9.900.20240824-1409\jars\plexus-classworlds-2.8.0.jar
2025-06-20 10:28:50,319 [Worker-5: Launching Executing clean in F__ARCHIVOS_INSTITUTO CIBERTEC CLASES_LENGUAJE DE PROGRAMACIÓN II_CLASES LPII_SESIÓN 10 LPII_LPII_Sesión_10 - Sol_LPII_Spring_Ventas] INFO  o.eclipse.m2e.core.internal.Bundles - 	Entry: E:\Eclipse\SpringToolSuite4\plugins\org.eclipse.m2e.maven.runtime_3.9.900.20240824-1409\jars\plexus-component-annotations-2.1.0.jar
2025-06-20 10:28:50,319 [Worker-5: Launching Executing clean in F__ARCHIVOS_INSTITUTO CIBERTEC CLASES_LENGUAJE DE PROGRAMACIÓN II_CLASES LPII_SESIÓN 10 LPII_LPII_Sesión_10 - Sol_LPII_Spring_Ventas] INFO  o.eclipse.m2e.core.internal.Bundles - 	Entry: E:\Eclipse\SpringToolSuite4\plugins\org.eclipse.m2e.maven.runtime_3.9.900.20240824-1409\jars\plexus-interpolation-1.27.jar
2025-06-20 10:28:50,319 [Worker-5: Launching Executing clean in F__ARCHIVOS_INSTITUTO CIBERTEC CLASES_LENGUAJE DE PROGRAMACIÓN II_CLASES LPII_SESIÓN 10 LPII_LPII_Sesión_10 - Sol_LPII_Spring_Ventas] INFO  o.eclipse.m2e.core.internal.Bundles - 	Entry: E:\Eclipse\SpringToolSuite4\plugins\org.eclipse.m2e.maven.runtime_3.9.900.20240824-1409\jars\plexus-sec-dispatcher-2.0.jar
2025-06-20 10:28:50,319 [Worker-5: Launching Executing clean in F__ARCHIVOS_INSTITUTO CIBERTEC CLASES_LENGUAJE DE PROGRAMACIÓN II_CLASES LPII_SESIÓN 10 LPII_LPII_Sesión_10 - Sol_LPII_Spring_Ventas] INFO  o.eclipse.m2e.core.internal.Bundles - 	Entry: E:\Eclipse\SpringToolSuite4\plugins\org.eclipse.m2e.maven.runtime_3.9.900.20240824-1409\jars\plexus-utils-3.5.1.jar
2025-06-20 10:28:50,319 [Worker-5: Launching Executing clean in F__ARCHIVOS_INSTITUTO CIBERTEC CLASES_LENGUAJE DE PROGRAMACIÓN II_CLASES LPII_SESIÓN 10 LPII_LPII_Sesión_10 - Sol_LPII_Spring_Ventas] INFO  o.eclipse.m2e.core.internal.Bundles - 	Entry: E:\Eclipse\SpringToolSuite4\plugins\org.eclipse.m2e.maven.runtime_3.9.900.20240824-1409\jars\plexus-xml-3.0.1.jar
2025-06-20 10:28:50,320 [Worker-5: Launching Executing clean in F__ARCHIVOS_INSTITUTO CIBERTEC CLASES_LENGUAJE DE PROGRAMACIÓN II_CLASES LPII_SESIÓN 10 LPII_LPII_Sesión_10 - Sol_LPII_Spring_Ventas] INFO  o.eclipse.m2e.core.internal.Bundles - 	Entry: E:\Eclipse\SpringToolSuite4\plugins\org.eclipse.m2e.maven.runtime_3.9.900.20240824-1409\jars\wagon-file-3.5.3.jar
2025-06-20 10:28:50,320 [Worker-5: Launching Executing clean in F__ARCHIVOS_INSTITUTO CIBERTEC CLASES_LENGUAJE DE PROGRAMACIÓN II_CLASES LPII_SESIÓN 10 LPII_LPII_Sesión_10 - Sol_LPII_Spring_Ventas] INFO  o.eclipse.m2e.core.internal.Bundles - 	Entry: E:\Eclipse\SpringToolSuite4\plugins\org.eclipse.m2e.maven.runtime_3.9.900.20240824-1409\jars\wagon-http-3.5.3.jar
2025-06-20 10:28:50,320 [Worker-5: Launching Executing clean in F__ARCHIVOS_INSTITUTO CIBERTEC CLASES_LENGUAJE DE PROGRAMACIÓN II_CLASES LPII_SESIÓN 10 LPII_LPII_Sesión_10 - Sol_LPII_Spring_Ventas] INFO  o.eclipse.m2e.core.internal.Bundles - 	Entry: E:\Eclipse\SpringToolSuite4\plugins\org.eclipse.m2e.maven.runtime_3.9.900.20240824-1409\jars\wagon-http-shared-3.5.3.jar
2025-06-20 10:28:50,320 [Worker-5: Launching Executing clean in F__ARCHIVOS_INSTITUTO CIBERTEC CLASES_LENGUAJE DE PROGRAMACIÓN II_CLASES LPII_SESIÓN 10 LPII_LPII_Sesión_10 - Sol_LPII_Spring_Ventas] INFO  o.eclipse.m2e.core.internal.Bundles - 	Entry: E:\Eclipse\SpringToolSuite4\plugins\org.eclipse.m2e.maven.runtime_3.9.900.20240824-1409\jars\wagon-provider-api-3.5.3.jar
2025-06-20 10:28:50,323 [Worker-5: Launching Executing clean in F__ARCHIVOS_INSTITUTO CIBERTEC CLASES_LENGUAJE DE PROGRAMACIÓN II_CLASES LPII_SESIÓN 10 LPII_LPII_Sesión_10 - Sol_LPII_Spring_Ventas] INFO  o.eclipse.m2e.core.internal.Bundles - getClasspathEntries(Bundle=com.google.guava_33.3.1.jre [29])
2025-06-20 10:28:50,324 [Worker-5: Launching Executing clean in F__ARCHIVOS_INSTITUTO CIBERTEC CLASES_LENGUAJE DE PROGRAMACIÓN II_CLASES LPII_SESIÓN 10 LPII_LPII_Sesión_10 - Sol_LPII_Spring_Ventas] INFO  o.eclipse.m2e.core.internal.Bundles - 	Entry: E:\Eclipse\SpringToolSuite4\plugins\com.google.guava_33.3.1.jre.jar
2025-06-20 10:28:50,324 [Worker-5: Launching Executing clean in F__ARCHIVOS_INSTITUTO CIBERTEC CLASES_LENGUAJE DE PROGRAMACIÓN II_CLASES LPII_SESIÓN 10 LPII_LPII_Sesión_10 - Sol_LPII_Spring_Ventas] INFO  o.eclipse.m2e.core.internal.Bundles - getClasspathEntries(Bundle=slf4j.api_2.0.16 [615])
2025-06-20 10:28:50,324 [Worker-5: Launching Executing clean in F__ARCHIVOS_INSTITUTO CIBERTEC CLASES_LENGUAJE DE PROGRAMACIÓN II_CLASES LPII_SESIÓN 10 LPII_LPII_Sesión_10 - Sol_LPII_Spring_Ventas] INFO  o.eclipse.m2e.core.internal.Bundles - 	Entry: E:\Eclipse\SpringToolSuite4\plugins\slf4j.api_2.0.16.jar
2025-06-20 10:28:50,324 [Worker-5: Launching Executing clean in F__ARCHIVOS_INSTITUTO CIBERTEC CLASES_LENGUAJE DE PROGRAMACIÓN II_CLASES LPII_SESIÓN 10 LPII_LPII_Sesión_10 - Sol_LPII_Spring_Ventas] INFO  o.eclipse.m2e.core.internal.Bundles - getClasspathEntries(Bundle=jakarta.inject.jakarta.inject-api_1.0.5 [45])
2025-06-20 10:28:50,324 [Worker-5: Launching Executing clean in F__ARCHIVOS_INSTITUTO CIBERTEC CLASES_LENGUAJE DE PROGRAMACIÓN II_CLASES LPII_SESIÓN 10 LPII_LPII_Sesión_10 - Sol_LPII_Spring_Ventas] INFO  o.eclipse.m2e.core.internal.Bundles - 	Entry: E:\Eclipse\SpringToolSuite4\plugins\jakarta.inject.jakarta.inject-api_1.0.5.jar
2025-06-20 10:28:50,324 [Worker-5: Launching Executing clean in F__ARCHIVOS_INSTITUTO CIBERTEC CLASES_LENGUAJE DE PROGRAMACIÓN II_CLASES LPII_SESIÓN 10 LPII_LPII_Sesión_10 - Sol_LPII_Spring_Ventas] INFO  o.eclipse.m2e.core.internal.Bundles - getClasspathEntries(Bundle=jakarta.annotation-api_1.3.5 [41])
2025-06-20 10:28:50,324 [Worker-5: Launching Executing clean in F__ARCHIVOS_INSTITUTO CIBERTEC CLASES_LENGUAJE DE PROGRAMACIÓN II_CLASES LPII_SESIÓN 10 LPII_LPII_Sesión_10 - Sol_LPII_Spring_Ventas] INFO  o.eclipse.m2e.core.internal.Bundles - 	Entry: E:\Eclipse\SpringToolSuite4\plugins\jakarta.annotation-api_1.3.5.jar
2025-06-20 10:28:50,325 [Worker-5: Launching Executing clean in F__ARCHIVOS_INSTITUTO CIBERTEC CLASES_LENGUAJE DE PROGRAMACIÓN II_CLASES LPII_SESIÓN 10 LPII_LPII_Sesión_10 - Sol_LPII_Spring_Ventas] INFO  o.eclipse.m2e.core.internal.Bundles - getClasspathEntries(Bundle=org.apache.commons.cli_1.9.0 [78])
2025-06-20 10:28:50,325 [Worker-5: Launching Executing clean in F__ARCHIVOS_INSTITUTO CIBERTEC CLASES_LENGUAJE DE PROGRAMACIÓN II_CLASES LPII_SESIÓN 10 LPII_LPII_Sesión_10 - Sol_LPII_Spring_Ventas] INFO  o.eclipse.m2e.core.internal.Bundles - 	Entry: E:\Eclipse\SpringToolSuite4\plugins\org.apache.commons.cli_1.9.0.jar
2025-06-20 10:28:50,325 [Worker-5: Launching Executing clean in F__ARCHIVOS_INSTITUTO CIBERTEC CLASES_LENGUAJE DE PROGRAMACIÓN II_CLASES LPII_SESIÓN 10 LPII_LPII_Sesión_10 - Sol_LPII_Spring_Ventas] INFO  o.eclipse.m2e.core.internal.Bundles - getClasspathEntries(Bundle=org.apache.commons.commons-codec_1.16.0 [81])
2025-06-20 10:28:50,325 [Worker-5: Launching Executing clean in F__ARCHIVOS_INSTITUTO CIBERTEC CLASES_LENGUAJE DE PROGRAMACIÓN II_CLASES LPII_SESIÓN 10 LPII_LPII_Sesión_10 - Sol_LPII_Spring_Ventas] INFO  o.eclipse.m2e.core.internal.Bundles - 	Entry: E:\Eclipse\SpringToolSuite4\plugins\org.apache.commons.commons-codec_1.16.0.jar
2025-06-20 10:28:50,325 [Worker-5: Launching Executing clean in F__ARCHIVOS_INSTITUTO CIBERTEC CLASES_LENGUAJE DE PROGRAMACIÓN II_CLASES LPII_SESIÓN 10 LPII_LPII_Sesión_10 - Sol_LPII_Spring_Ventas] INFO  o.eclipse.m2e.core.internal.Bundles - getClasspathEntries(Bundle=com.google.guava.failureaccess_1.0.2 [30])
2025-06-20 10:28:50,325 [Worker-5: Launching Executing clean in F__ARCHIVOS_INSTITUTO CIBERTEC CLASES_LENGUAJE DE PROGRAMACIÓN II_CLASES LPII_SESIÓN 10 LPII_LPII_Sesión_10 - Sol_LPII_Spring_Ventas] INFO  o.eclipse.m2e.core.internal.Bundles - 	Entry: E:\Eclipse\SpringToolSuite4\plugins\com.google.guava.failureaccess_1.0.2.jar
2025-06-20 10:28:50,344 [Worker-5: Launching Executing clean in F__ARCHIVOS_INSTITUTO CIBERTEC CLASES_LENGUAJE DE PROGRAMACIÓN II_CLASES LPII_SESIÓN 10 LPII_LPII_Sesión_10 - Sol_LPII_Spring_Ventas] INFO  o.e.m.i.launch.MavenLaunchDelegate - Run build in "F:\ARCHIVOS\INSTITUTO CIBERTEC CLASES\LENGUAJE DE PROGRAMACIÓN II\CLASES LPII\SESIÓN 10 LPII\LPII_Sesión_10 - Sol\LPII_Spring_Ventas":
2025-06-20 10:28:50,349 [Worker-5: Launching Executing clean in F__ARCHIVOS_INSTITUTO CIBERTEC CLASES_LENGUAJE DE PROGRAMACIÓN II_CLASES LPII_SESIÓN 10 LPII_LPII_Sesión_10 - Sol_LPII_Spring_Ventas] INFO  o.e.m.i.launch.MavenLaunchDelegate -  mvn  -Ppom.xml -B -Dstyle.color=always clean
2025-06-20 10:28:57,271 [Worker-6: Building] INFO  o.e.m.c.i.embedder.EclipseLogger - Using 'UTF-8' encoding to copy filtered resources.
2025-06-20 10:28:57,271 [Worker-6: Building] INFO  o.e.m.c.i.embedder.EclipseLogger - Using 'UTF-8' encoding to copy filtered properties files.
2025-06-20 10:28:57,280 [Worker-6: Building] INFO  o.e.m.c.i.embedder.EclipseLogger - Copying 1 resource
2025-06-20 10:28:57,295 [Worker-6: Building] INFO  o.e.m.c.i.embedder.EclipseLogger - Copying 15 resources
2025-06-20 10:28:57,561 [Worker-6: Building] INFO  o.e.m.c.i.embedder.EclipseLogger - Using 'UTF-8' encoding to copy filtered resources.
2025-06-20 10:28:57,561 [Worker-6: Building] INFO  o.e.m.c.i.embedder.EclipseLogger - Using 'UTF-8' encoding to copy filtered properties files.
2025-06-20 10:28:57,561 [Worker-6: Building] INFO  o.e.m.c.i.embedder.EclipseLogger - skip non existing resourceDirectory F:\ARCHIVOS\INSTITUTO CIBERTEC CLASES\LENGUAJE DE PROGRAMACIÓN II\CLASES LPII\SESIÓN 10 LPII\LPII_Sesión_10 - Sol\LPII_Spring_Ventas\src\test\resources
2025-06-20 10:28:57,598 [Worker-6: Building] INFO  o.e.m.w.i.f.ResourceFilteringBuildParticipant - Changed resources require a complete clean of filtered resources of LPII_Spring_Ventas
2025-06-20 10:28:57,599 [Worker-6: Building] INFO  o.e.m.w.i.f.ResourceFilteringBuildParticipant - Executing resource filtering for LPII_Spring_Ventas
2025-06-20 10:29:09,159 [Worker-8: Updating Maven Project] INFO  o.e.m.c.i.p.ProjectConfigurationManager - Update started
2025-06-20 10:29:09,941 [Worker-8: Updating Maven Project] INFO  o.e.m.c.i.l.LifecycleMappingFactory - Using org.maven.ide.eclipse.wtp.WarLifecycleMapping lifecycle mapping for MavenProject: com.cibertec.app:LPII_Spring_Ventas:0.0.1-SNAPSHOT @ F:\ARCHIVOS\INSTITUTO CIBERTEC CLASES\LENGUAJE DE PROGRAMACIÓN II\CLASES LPII\SESIÓN 10 LPII\LPII_Sesión_10 - Sol\LPII_Spring_Ventas\pom.xml.
2025-06-20 10:29:10,082 [Worker-8: Updating Maven Project] WARN  o.a.m.r.i.DefaultArtifactDescriptorReader - 1 problem was encountered while building the effective model for org.javassist:javassist:jar:3.20.0-GA during dependency collection step for project (use -X to see details)
2025-06-20 10:29:11,435 [Worker-8: Updating Maven Project] INFO  o.e.m.j.i.AbstractJavaProjectConfigurator - Adding source folder /LPII_Spring_Ventas/src/main/java
2025-06-20 10:29:11,438 [Worker-8: Updating Maven Project] INFO  o.e.m.j.i.AbstractJavaProjectConfigurator - Adding resource folder /LPII_Spring_Ventas/src/main/resources
2025-06-20 10:29:11,439 [Worker-8: Updating Maven Project] INFO  o.e.m.j.i.AbstractJavaProjectConfigurator - Adding resource folder /LPII_Spring_Ventas/src/main/resources
2025-06-20 10:29:11,440 [Worker-8: Updating Maven Project] INFO  o.e.m.j.i.AbstractJavaProjectConfigurator - Adding source folder /LPII_Spring_Ventas/src/test/java
2025-06-20 10:29:11,441 [Worker-8: Updating Maven Project] INFO  o.e.m.j.i.AbstractJavaProjectConfigurator - Adding resource folder /LPII_Spring_Ventas/src/test/resources
2025-06-20 10:29:12,790 [Worker-8: Updating Maven Project] INFO  o.e.m.w.i.f.ResourceFilteringBuildParticipant - Cleaning filtered folder for LPII_Spring_Ventas
2025-06-20 10:29:12,818 [Worker-8: Updating Maven Project] INFO  o.e.m.c.i.p.ProjectConfigurationManager - Update completed for 1 poms: local refresh takes 0,00 sec, refresh facades takes 1,00 sec, update config takes 1,00 sec 
2025-06-20 10:29:14,205 [Worker-11: Building] INFO  o.e.m.c.i.embedder.EclipseLogger - Using 'UTF-8' encoding to copy filtered resources.
2025-06-20 10:29:14,205 [Worker-11: Building] INFO  o.e.m.c.i.embedder.EclipseLogger - Using 'UTF-8' encoding to copy filtered properties files.
2025-06-20 10:29:14,206 [Worker-11: Building] INFO  o.e.m.c.i.embedder.EclipseLogger - Copying 1 resource
2025-06-20 10:29:14,226 [Worker-11: Building] INFO  o.e.m.c.i.embedder.EclipseLogger - Copying 15 resources
2025-06-20 10:29:14,276 [Worker-11: Building] INFO  o.e.m.c.i.embedder.EclipseLogger - Using 'UTF-8' encoding to copy filtered resources.
2025-06-20 10:29:14,276 [Worker-11: Building] INFO  o.e.m.c.i.embedder.EclipseLogger - Using 'UTF-8' encoding to copy filtered properties files.
2025-06-20 10:29:14,276 [Worker-11: Building] INFO  o.e.m.c.i.embedder.EclipseLogger - skip non existing resourceDirectory F:\ARCHIVOS\INSTITUTO CIBERTEC CLASES\LENGUAJE DE PROGRAMACIÓN II\CLASES LPII\SESIÓN 10 LPII\LPII_Sesión_10 - Sol\LPII_Spring_Ventas\src\test\resources
2025-06-20 10:29:14,276 [Worker-11: Building] INFO  o.e.m.w.i.f.ResourceFilteringBuildParticipant - Changed resources require a complete clean of filtered resources of LPII_Spring_Ventas
2025-06-20 10:29:14,276 [Worker-11: Building] INFO  o.e.m.w.i.f.ResourceFilteringBuildParticipant - Executing resource filtering for LPII_Spring_Ventas
2025-06-20 10:31:27,997 [Worker-11: Building] INFO  o.e.m.c.i.embedder.EclipseLogger - Using 'UTF-8' encoding to copy filtered resources.
2025-06-20 10:31:27,997 [Worker-11: Building] INFO  o.e.m.c.i.embedder.EclipseLogger - Using 'UTF-8' encoding to copy filtered properties files.
2025-06-20 10:31:27,999 [Worker-11: Building] INFO  o.e.m.c.i.embedder.EclipseLogger - Copying 1 resource
2025-06-20 10:31:28,016 [Worker-11: Building] INFO  o.e.m.c.i.embedder.EclipseLogger - Copying 15 resources
2025-06-20 10:31:28,042 [Worker-11: Building] INFO  o.e.m.c.i.embedder.EclipseLogger - Using 'UTF-8' encoding to copy filtered resources.
2025-06-20 10:31:28,042 [Worker-11: Building] INFO  o.e.m.c.i.embedder.EclipseLogger - Using 'UTF-8' encoding to copy filtered properties files.
2025-06-20 10:31:28,043 [Worker-11: Building] INFO  o.e.m.c.i.embedder.EclipseLogger - skip non existing resourceDirectory F:\ARCHIVOS\INSTITUTO CIBERTEC CLASES\LENGUAJE DE PROGRAMACIÓN II\CLASES LPII\SESIÓN 10 LPII\LPII_Sesión_10 - Sol\LPII_Spring_Ventas\src\test\resources
2025-06-20 10:38:31,126 [Worker-14: Building] INFO  o.e.m.c.i.embedder.EclipseLogger - Using 'UTF-8' encoding to copy filtered resources.
2025-06-20 10:38:31,126 [Worker-14: Building] INFO  o.e.m.c.i.embedder.EclipseLogger - Using 'UTF-8' encoding to copy filtered properties files.
2025-06-20 10:38:31,127 [Worker-14: Building] INFO  o.e.m.c.i.embedder.EclipseLogger - Copying 1 resource
2025-06-20 10:38:31,135 [Worker-14: Building] INFO  o.e.m.c.i.embedder.EclipseLogger - Copying 15 resources
2025-06-20 10:38:31,142 [Worker-14: Building] INFO  o.e.m.c.i.embedder.EclipseLogger - Using 'UTF-8' encoding to copy filtered resources.
2025-06-20 10:38:31,142 [Worker-14: Building] INFO  o.e.m.c.i.embedder.EclipseLogger - Using 'UTF-8' encoding to copy filtered properties files.
2025-06-20 10:38:31,142 [Worker-14: Building] INFO  o.e.m.c.i.embedder.EclipseLogger - skip non existing resourceDirectory F:\ARCHIVOS\INSTITUTO CIBERTEC CLASES\LENGUAJE DE PROGRAMACIÓN II\CLASES LPII\SESIÓN 10 LPII\LPII_Sesión_10 - Sol\LPII_Spring_Ventas\src\test\resources
2025-06-20 10:39:10,171 [Worker-3: Building] INFO  o.e.m.c.i.embedder.EclipseLogger - Using 'UTF-8' encoding to copy filtered resources.
2025-06-20 10:39:10,171 [Worker-3: Building] INFO  o.e.m.c.i.embedder.EclipseLogger - Using 'UTF-8' encoding to copy filtered properties files.
2025-06-20 10:39:10,172 [Worker-3: Building] INFO  o.e.m.c.i.embedder.EclipseLogger - Copying 1 resource
2025-06-20 10:39:10,175 [Worker-3: Building] INFO  o.e.m.c.i.embedder.EclipseLogger - Copying 15 resources
2025-06-20 10:39:10,181 [Worker-3: Building] INFO  o.e.m.c.i.embedder.EclipseLogger - Using 'UTF-8' encoding to copy filtered resources.
2025-06-20 10:39:10,181 [Worker-3: Building] INFO  o.e.m.c.i.embedder.EclipseLogger - Using 'UTF-8' encoding to copy filtered properties files.
2025-06-20 10:39:10,181 [Worker-3: Building] INFO  o.e.m.c.i.embedder.EclipseLogger - skip non existing resourceDirectory F:\ARCHIVOS\INSTITUTO CIBERTEC CLASES\LENGUAJE DE PROGRAMACIÓN II\CLASES LPII\SESIÓN 10 LPII\LPII_Sesión_10 - Sol\LPII_Spring_Ventas\src\test\resources
2025-06-20 10:39:32,083 [Worker-3: Building] INFO  o.e.m.c.i.embedder.EclipseLogger - Using 'UTF-8' encoding to copy filtered resources.
2025-06-20 10:39:32,083 [Worker-3: Building] INFO  o.e.m.c.i.embedder.EclipseLogger - Using 'UTF-8' encoding to copy filtered properties files.
2025-06-20 10:39:32,084 [Worker-3: Building] INFO  o.e.m.c.i.embedder.EclipseLogger - Copying 1 resource
2025-06-20 10:39:32,087 [Worker-3: Building] INFO  o.e.m.c.i.embedder.EclipseLogger - Copying 15 resources
2025-06-20 10:39:32,093 [Worker-3: Building] INFO  o.e.m.c.i.embedder.EclipseLogger - Using 'UTF-8' encoding to copy filtered resources.
2025-06-20 10:39:32,093 [Worker-3: Building] INFO  o.e.m.c.i.embedder.EclipseLogger - Using 'UTF-8' encoding to copy filtered properties files.
2025-06-20 10:39:32,093 [Worker-3: Building] INFO  o.e.m.c.i.embedder.EclipseLogger - skip non existing resourceDirectory F:\ARCHIVOS\INSTITUTO CIBERTEC CLASES\LENGUAJE DE PROGRAMACIÓN II\CLASES LPII\SESIÓN 10 LPII\LPII_Sesión_10 - Sol\LPII_Spring_Ventas\src\test\resources
2025-06-20 10:42:31,192 [Worker-8: Building] INFO  o.e.m.c.i.embedder.EclipseLogger - Using 'UTF-8' encoding to copy filtered resources.
2025-06-20 10:42:31,192 [Worker-8: Building] INFO  o.e.m.c.i.embedder.EclipseLogger - Using 'UTF-8' encoding to copy filtered properties files.
2025-06-20 10:42:31,193 [Worker-8: Building] INFO  o.e.m.c.i.embedder.EclipseLogger - Copying 1 resource
2025-06-20 10:42:31,197 [Worker-8: Building] INFO  o.e.m.c.i.embedder.EclipseLogger - Copying 15 resources
2025-06-20 10:42:31,203 [Worker-8: Building] INFO  o.e.m.c.i.embedder.EclipseLogger - Using 'UTF-8' encoding to copy filtered resources.
2025-06-20 10:42:31,203 [Worker-8: Building] INFO  o.e.m.c.i.embedder.EclipseLogger - Using 'UTF-8' encoding to copy filtered properties files.
2025-06-20 10:42:31,203 [Worker-8: Building] INFO  o.e.m.c.i.embedder.EclipseLogger - skip non existing resourceDirectory F:\ARCHIVOS\INSTITUTO CIBERTEC CLASES\LENGUAJE DE PROGRAMACIÓN II\CLASES LPII\SESIÓN 10 LPII\LPII_Sesión_10 - Sol\LPII_Spring_Ventas\src\test\resources
2025-06-20 10:43:27,526 [Worker-15: Building] INFO  o.e.m.c.i.embedder.EclipseLogger - Using 'UTF-8' encoding to copy filtered resources.
2025-06-20 10:43:27,526 [Worker-15: Building] INFO  o.e.m.c.i.embedder.EclipseLogger - Using 'UTF-8' encoding to copy filtered properties files.
2025-06-20 10:43:27,527 [Worker-15: Building] INFO  o.e.m.c.i.embedder.EclipseLogger - Copying 1 resource
2025-06-20 10:43:27,564 [Worker-15: Building] INFO  o.e.m.c.i.embedder.EclipseLogger - Copying 15 resources
2025-06-20 10:43:27,571 [Worker-15: Building] INFO  o.e.m.c.i.embedder.EclipseLogger - Using 'UTF-8' encoding to copy filtered resources.
2025-06-20 10:43:27,571 [Worker-15: Building] INFO  o.e.m.c.i.embedder.EclipseLogger - Using 'UTF-8' encoding to copy filtered properties files.
2025-06-20 10:43:27,571 [Worker-15: Building] INFO  o.e.m.c.i.embedder.EclipseLogger - skip non existing resourceDirectory F:\ARCHIVOS\INSTITUTO CIBERTEC CLASES\LENGUAJE DE PROGRAMACIÓN II\CLASES LPII\SESIÓN 10 LPII\LPII_Sesión_10 - Sol\LPII_Spring_Ventas\src\test\resources
2025-06-20 10:46:27,712 [Worker-15: Building] INFO  o.e.m.c.i.embedder.EclipseLogger - Using 'UTF-8' encoding to copy filtered resources.
2025-06-20 10:46:27,712 [Worker-15: Building] INFO  o.e.m.c.i.embedder.EclipseLogger - Using 'UTF-8' encoding to copy filtered properties files.
2025-06-20 10:46:27,713 [Worker-15: Building] INFO  o.e.m.c.i.embedder.EclipseLogger - Copying 1 resource
2025-06-20 10:46:27,717 [Worker-15: Building] INFO  o.e.m.c.i.embedder.EclipseLogger - Copying 15 resources
2025-06-20 10:46:27,722 [Worker-15: Building] INFO  o.e.m.c.i.embedder.EclipseLogger - Using 'UTF-8' encoding to copy filtered resources.
2025-06-20 10:46:27,722 [Worker-15: Building] INFO  o.e.m.c.i.embedder.EclipseLogger - Using 'UTF-8' encoding to copy filtered properties files.
2025-06-20 10:46:27,722 [Worker-15: Building] INFO  o.e.m.c.i.embedder.EclipseLogger - skip non existing resourceDirectory F:\ARCHIVOS\INSTITUTO CIBERTEC CLASES\LENGUAJE DE PROGRAMACIÓN II\CLASES LPII\SESIÓN 10 LPII\LPII_Sesión_10 - Sol\LPII_Spring_Ventas\src\test\resources
2025-06-20 10:54:12,712 [Worker-19: Building] INFO  o.e.m.c.i.embedder.EclipseLogger - Using 'UTF-8' encoding to copy filtered resources.
2025-06-20 10:54:12,713 [Worker-19: Building] INFO  o.e.m.c.i.embedder.EclipseLogger - Using 'UTF-8' encoding to copy filtered properties files.
2025-06-20 10:54:12,714 [Worker-19: Building] INFO  o.e.m.c.i.embedder.EclipseLogger - Copying 1 resource
2025-06-20 10:54:12,718 [Worker-19: Building] INFO  o.e.m.c.i.embedder.EclipseLogger - Copying 15 resources
2025-06-20 10:54:12,727 [Worker-19: Building] INFO  o.e.m.c.i.embedder.EclipseLogger - Using 'UTF-8' encoding to copy filtered resources.
2025-06-20 10:54:12,727 [Worker-19: Building] INFO  o.e.m.c.i.embedder.EclipseLogger - Using 'UTF-8' encoding to copy filtered properties files.
2025-06-20 10:54:12,727 [Worker-19: Building] INFO  o.e.m.c.i.embedder.EclipseLogger - skip non existing resourceDirectory F:\ARCHIVOS\INSTITUTO CIBERTEC CLASES\LENGUAJE DE PROGRAMACIÓN II\CLASES LPII\SESIÓN 10 LPII\LPII_Sesión_10 - Sol\LPII_Spring_Ventas\src\test\resources
2025-06-20 11:17:16,419 [Worker-28: Building] INFO  o.e.m.c.i.embedder.EclipseLogger - Using 'UTF-8' encoding to copy filtered resources.
2025-06-20 11:17:16,419 [Worker-28: Building] INFO  o.e.m.c.i.embedder.EclipseLogger - Using 'UTF-8' encoding to copy filtered properties files.
2025-06-20 11:17:16,420 [Worker-28: Building] INFO  o.e.m.c.i.embedder.EclipseLogger - Copying 1 resource
2025-06-20 11:17:16,439 [Worker-28: Building] INFO  o.e.m.c.i.embedder.EclipseLogger - Copying 15 resources
2025-06-20 11:17:16,444 [Worker-28: Building] INFO  o.e.m.c.i.embedder.EclipseLogger - Using 'UTF-8' encoding to copy filtered resources.
2025-06-20 11:17:16,444 [Worker-28: Building] INFO  o.e.m.c.i.embedder.EclipseLogger - Using 'UTF-8' encoding to copy filtered properties files.
2025-06-20 11:17:16,444 [Worker-28: Building] INFO  o.e.m.c.i.embedder.EclipseLogger - skip non existing resourceDirectory F:\ARCHIVOS\INSTITUTO CIBERTEC CLASES\LENGUAJE DE PROGRAMACIÓN II\CLASES LPII\SESIÓN 10 LPII\LPII_Sesión_10 - Sol\LPII_Spring_Ventas\src\test\resources
2025-06-20 11:18:56,349 [Worker-30: Building] INFO  o.e.m.c.i.embedder.EclipseLogger - Using 'UTF-8' encoding to copy filtered resources.
2025-06-20 11:18:56,349 [Worker-30: Building] INFO  o.e.m.c.i.embedder.EclipseLogger - Using 'UTF-8' encoding to copy filtered properties files.
2025-06-20 11:18:56,350 [Worker-30: Building] INFO  o.e.m.c.i.embedder.EclipseLogger - Copying 1 resource
2025-06-20 11:18:56,355 [Worker-30: Building] INFO  o.e.m.c.i.embedder.EclipseLogger - Copying 15 resources
2025-06-20 11:18:56,374 [Worker-30: Building] INFO  o.e.m.c.i.embedder.EclipseLogger - Using 'UTF-8' encoding to copy filtered resources.
2025-06-20 11:18:56,374 [Worker-30: Building] INFO  o.e.m.c.i.embedder.EclipseLogger - Using 'UTF-8' encoding to copy filtered properties files.
2025-06-20 11:18:56,374 [Worker-30: Building] INFO  o.e.m.c.i.embedder.EclipseLogger - skip non existing resourceDirectory F:\ARCHIVOS\INSTITUTO CIBERTEC CLASES\LENGUAJE DE PROGRAMACIÓN II\CLASES LPII\SESIÓN 10 LPII\LPII_Sesión_10 - Sol\LPII_Spring_Ventas\src\test\resources
2025-06-20 11:19:03,194 [Worker-28: Building] INFO  o.e.m.c.i.embedder.EclipseLogger - Using 'UTF-8' encoding to copy filtered resources.
2025-06-20 11:19:03,194 [Worker-28: Building] INFO  o.e.m.c.i.embedder.EclipseLogger - Using 'UTF-8' encoding to copy filtered properties files.
2025-06-20 11:19:03,195 [Worker-28: Building] INFO  o.e.m.c.i.embedder.EclipseLogger - Copying 1 resource
2025-06-20 11:19:03,198 [Worker-28: Building] INFO  o.e.m.c.i.embedder.EclipseLogger - Copying 15 resources
2025-06-20 11:19:03,203 [Worker-28: Building] INFO  o.e.m.c.i.embedder.EclipseLogger - Using 'UTF-8' encoding to copy filtered resources.
2025-06-20 11:19:03,203 [Worker-28: Building] INFO  o.e.m.c.i.embedder.EclipseLogger - Using 'UTF-8' encoding to copy filtered properties files.
2025-06-20 11:19:03,203 [Worker-28: Building] INFO  o.e.m.c.i.embedder.EclipseLogger - skip non existing resourceDirectory F:\ARCHIVOS\INSTITUTO CIBERTEC CLASES\LENGUAJE DE PROGRAMACIÓN II\CLASES LPII\SESIÓN 10 LPII\LPII_Sesión_10 - Sol\LPII_Spring_Ventas\src\test\resources
2025-06-20 11:26:48,204 [Worker-34: Building] INFO  o.e.m.c.i.embedder.EclipseLogger - Using 'UTF-8' encoding to copy filtered resources.
2025-06-20 11:26:48,204 [Worker-34: Building] INFO  o.e.m.c.i.embedder.EclipseLogger - Using 'UTF-8' encoding to copy filtered properties files.
2025-06-20 11:26:48,205 [Worker-34: Building] INFO  o.e.m.c.i.embedder.EclipseLogger - Copying 1 resource
2025-06-20 11:26:48,222 [Worker-34: Building] INFO  o.e.m.c.i.embedder.EclipseLogger - Copying 15 resources
2025-06-20 11:26:48,227 [Worker-34: Building] INFO  o.e.m.c.i.embedder.EclipseLogger - Using 'UTF-8' encoding to copy filtered resources.
2025-06-20 11:26:48,227 [Worker-34: Building] INFO  o.e.m.c.i.embedder.EclipseLogger - Using 'UTF-8' encoding to copy filtered properties files.
2025-06-20 11:26:48,227 [Worker-34: Building] INFO  o.e.m.c.i.embedder.EclipseLogger - skip non existing resourceDirectory F:\ARCHIVOS\INSTITUTO CIBERTEC CLASES\LENGUAJE DE PROGRAMACIÓN II\CLASES LPII\SESIÓN 10 LPII\LPII_Sesión_10 - Sol\LPII_Spring_Ventas\src\test\resources
2025-06-20 11:31:11,033 [Worker-38: Building] INFO  o.e.m.c.i.embedder.EclipseLogger - Using 'UTF-8' encoding to copy filtered resources.
2025-06-20 11:31:11,034 [Worker-38: Building] INFO  o.e.m.c.i.embedder.EclipseLogger - Using 'UTF-8' encoding to copy filtered properties files.
2025-06-20 11:31:11,034 [Worker-38: Building] INFO  o.e.m.c.i.embedder.EclipseLogger - Copying 1 resource
2025-06-20 11:31:11,048 [Worker-38: Building] INFO  o.e.m.c.i.embedder.EclipseLogger - Copying 15 resources
2025-06-20 11:31:11,052 [Worker-38: Building] INFO  o.e.m.c.i.embedder.EclipseLogger - Using 'UTF-8' encoding to copy filtered resources.
2025-06-20 11:31:11,052 [Worker-38: Building] INFO  o.e.m.c.i.embedder.EclipseLogger - Using 'UTF-8' encoding to copy filtered properties files.
2025-06-20 11:31:11,053 [Worker-38: Building] INFO  o.e.m.c.i.embedder.EclipseLogger - skip non existing resourceDirectory F:\ARCHIVOS\INSTITUTO CIBERTEC CLASES\LENGUAJE DE PROGRAMACIÓN II\CLASES LPII\SESIÓN 10 LPII\LPII_Sesión_10 - Sol\LPII_Spring_Ventas\src\test\resources
2025-06-20 11:48:49,088 [Worker-49: Building] INFO  o.e.m.c.i.embedder.EclipseLogger - Using 'UTF-8' encoding to copy filtered resources.
2025-06-20 11:48:49,088 [Worker-49: Building] INFO  o.e.m.c.i.embedder.EclipseLogger - Using 'UTF-8' encoding to copy filtered properties files.
2025-06-20 11:48:49,089 [Worker-49: Building] INFO  o.e.m.c.i.embedder.EclipseLogger - Copying 1 resource
2025-06-20 11:48:49,108 [Worker-49: Building] INFO  o.e.m.c.i.embedder.EclipseLogger - Copying 15 resources
2025-06-20 11:48:49,114 [Worker-49: Building] INFO  o.e.m.c.i.embedder.EclipseLogger - Using 'UTF-8' encoding to copy filtered resources.
2025-06-20 11:48:49,114 [Worker-49: Building] INFO  o.e.m.c.i.embedder.EclipseLogger - Using 'UTF-8' encoding to copy filtered properties files.
2025-06-20 11:48:49,114 [Worker-49: Building] INFO  o.e.m.c.i.embedder.EclipseLogger - skip non existing resourceDirectory F:\ARCHIVOS\INSTITUTO CIBERTEC CLASES\LENGUAJE DE PROGRAMACIÓN II\CLASES LPII\SESIÓN 10 LPII\LPII_Sesión_10 - Sol\LPII_Spring_Ventas\src\test\resources
2025-06-20 12:20:47,911 [Worker-57: Building] INFO  o.e.m.c.i.embedder.EclipseLogger - Using 'UTF-8' encoding to copy filtered resources.
2025-06-20 12:20:47,911 [Worker-57: Building] INFO  o.e.m.c.i.embedder.EclipseLogger - Using 'UTF-8' encoding to copy filtered properties files.
2025-06-20 12:20:47,912 [Worker-57: Building] INFO  o.e.m.c.i.embedder.EclipseLogger - Copying 1 resource
2025-06-20 12:20:47,919 [Worker-57: Building] INFO  o.e.m.c.i.embedder.EclipseLogger - Copying 15 resources
2025-06-20 12:20:47,927 [Worker-57: Building] INFO  o.e.m.c.i.embedder.EclipseLogger - Using 'UTF-8' encoding to copy filtered resources.
2025-06-20 12:20:47,927 [Worker-57: Building] INFO  o.e.m.c.i.embedder.EclipseLogger - Using 'UTF-8' encoding to copy filtered properties files.
2025-06-20 12:20:47,927 [Worker-57: Building] INFO  o.e.m.c.i.embedder.EclipseLogger - skip non existing resourceDirectory F:\ARCHIVOS\INSTITUTO CIBERTEC CLASES\LENGUAJE DE PROGRAMACIÓN II\CLASES LPII\SESIÓN 10 LPII\LPII_Sesión_10 - Sol\LPII_Spring_Ventas\src\test\resources
2025-06-20 19:17:06,071 [Worker-4: Loading available Gradle versions] INFO  o.e.b.c.i.u.g.PublishedGradleVersions - Gradle version information cache is up-to-date. Trying to read.
2025-06-20 19:17:11,725 [Worker-4: Building] WARN  o.a.m.r.i.DefaultArtifactDescriptorReader - 1 problem was encountered while building the effective model for org.javassist:javassist:jar:3.20.0-GA during dependency collection step for project (use -X to see details)
2025-06-20 19:17:12,747 [Worker-4: Building] INFO  o.e.m.c.i.embedder.EclipseLogger - Using 'UTF-8' encoding to copy filtered resources.
2025-06-20 19:17:12,748 [Worker-4: Building] INFO  o.e.m.c.i.embedder.EclipseLogger - Using 'UTF-8' encoding to copy filtered properties files.
2025-06-20 19:17:12,752 [Worker-4: Building] INFO  o.e.m.c.i.embedder.EclipseLogger - Copying 1 resource
2025-06-20 19:17:12,800 [Worker-4: Building] INFO  o.e.m.c.i.embedder.EclipseLogger - Copying 15 resources
2025-06-20 19:17:13,071 [Worker-4: Building] INFO  o.e.m.c.i.embedder.EclipseLogger - Using 'UTF-8' encoding to copy filtered resources.
2025-06-20 19:17:13,071 [Worker-4: Building] INFO  o.e.m.c.i.embedder.EclipseLogger - Using 'UTF-8' encoding to copy filtered properties files.
2025-06-20 19:17:13,071 [Worker-4: Building] INFO  o.e.m.c.i.embedder.EclipseLogger - skip non existing resourceDirectory E:\ARCHIVOS\INSTITUTO CIBERTEC CLASES\LENGUAJE DE PROGRAMACIÓN II\CLASES LPII\SESIÓN 10 LPII\LPII_Sesión_10 - Sol\LPII_Spring_Ventas\src\test\resources
2025-06-20 19:21:45,851 [Worker-6: Launching Executing clean in E__ARCHIVOS_INSTITUTO CIBERTEC CLASES_LENGUAJE DE PROGRAMACIÓN II_CLASES LPII_SESIÓN 10 LPII_LPII_Sesión_10 - Sol_LPII_Spring_Ventas] INFO  o.eclipse.m2e.core.internal.Bundles - getClasspathEntries(Bundle=org.eclipse.m2e.maven.runtime_3.9.900.20240824-1409 [364])
2025-06-20 19:21:45,853 [Worker-6: Launching Executing clean in E__ARCHIVOS_INSTITUTO CIBERTEC CLASES_LENGUAJE DE PROGRAMACIÓN II_CLASES LPII_SESIÓN 10 LPII_LPII_Sesión_10 - Sol_LPII_Spring_Ventas] INFO  o.eclipse.m2e.core.internal.Bundles - 	Entry: C:\Eclipse\SpringToolSuite4\plugins\org.eclipse.m2e.maven.runtime_3.9.900.20240824-1409
2025-06-20 19:21:45,853 [Worker-6: Launching Executing clean in E__ARCHIVOS_INSTITUTO CIBERTEC CLASES_LENGUAJE DE PROGRAMACIÓN II_CLASES LPII_SESIÓN 10 LPII_LPII_Sesión_10 - Sol_LPII_Spring_Ventas] INFO  o.eclipse.m2e.core.internal.Bundles - 	Entry: C:\Eclipse\SpringToolSuite4\plugins\org.eclipse.m2e.maven.runtime_3.9.900.20240824-1409\jars\aopalliance-1.0.jar
2025-06-20 19:21:45,853 [Worker-6: Launching Executing clean in E__ARCHIVOS_INSTITUTO CIBERTEC CLASES_LENGUAJE DE PROGRAMACIÓN II_CLASES LPII_SESIÓN 10 LPII_LPII_Sesión_10 - Sol_LPII_Spring_Ventas] INFO  o.eclipse.m2e.core.internal.Bundles - 	Entry: C:\Eclipse\SpringToolSuite4\plugins\org.eclipse.m2e.maven.runtime_3.9.900.20240824-1409\jars\guice-5.1.0.jar
2025-06-20 19:21:45,853 [Worker-6: Launching Executing clean in E__ARCHIVOS_INSTITUTO CIBERTEC CLASES_LENGUAJE DE PROGRAMACIÓN II_CLASES LPII_SESIÓN 10 LPII_LPII_Sesión_10 - Sol_LPII_Spring_Ventas] INFO  o.eclipse.m2e.core.internal.Bundles - 	Entry: C:\Eclipse\SpringToolSuite4\plugins\org.eclipse.m2e.maven.runtime_3.9.900.20240824-1409\jars\httpclient-4.5.14.jar
2025-06-20 19:21:45,854 [Worker-6: Launching Executing clean in E__ARCHIVOS_INSTITUTO CIBERTEC CLASES_LENGUAJE DE PROGRAMACIÓN II_CLASES LPII_SESIÓN 10 LPII_LPII_Sesión_10 - Sol_LPII_Spring_Ventas] INFO  o.eclipse.m2e.core.internal.Bundles - 	Entry: C:\Eclipse\SpringToolSuite4\plugins\org.eclipse.m2e.maven.runtime_3.9.900.20240824-1409\jars\httpcore-4.4.16.jar
2025-06-20 19:21:45,854 [Worker-6: Launching Executing clean in E__ARCHIVOS_INSTITUTO CIBERTEC CLASES_LENGUAJE DE PROGRAMACIÓN II_CLASES LPII_SESIÓN 10 LPII_LPII_Sesión_10 - Sol_LPII_Spring_Ventas] INFO  o.eclipse.m2e.core.internal.Bundles - 	Entry: C:\Eclipse\SpringToolSuite4\plugins\org.eclipse.m2e.maven.runtime_3.9.900.20240824-1409\jars\jansi-2.4.1.jar
2025-06-20 19:21:45,854 [Worker-6: Launching Executing clean in E__ARCHIVOS_INSTITUTO CIBERTEC CLASES_LENGUAJE DE PROGRAMACIÓN II_CLASES LPII_SESIÓN 10 LPII_LPII_Sesión_10 - Sol_LPII_Spring_Ventas] INFO  o.eclipse.m2e.core.internal.Bundles - 	Entry: C:\Eclipse\SpringToolSuite4\plugins\org.eclipse.m2e.maven.runtime_3.9.900.20240824-1409\jars\jcl-over-slf4j-1.7.36.jar
2025-06-20 19:21:45,854 [Worker-6: Launching Executing clean in E__ARCHIVOS_INSTITUTO CIBERTEC CLASES_LENGUAJE DE PROGRAMACIÓN II_CLASES LPII_SESIÓN 10 LPII_LPII_Sesión_10 - Sol_LPII_Spring_Ventas] INFO  o.eclipse.m2e.core.internal.Bundles - 	Entry: C:\Eclipse\SpringToolSuite4\plugins\org.eclipse.m2e.maven.runtime_3.9.900.20240824-1409\jars\maven-artifact-3.9.9.jar
2025-06-20 19:21:45,854 [Worker-6: Launching Executing clean in E__ARCHIVOS_INSTITUTO CIBERTEC CLASES_LENGUAJE DE PROGRAMACIÓN II_CLASES LPII_SESIÓN 10 LPII_LPII_Sesión_10 - Sol_LPII_Spring_Ventas] INFO  o.eclipse.m2e.core.internal.Bundles - 	Entry: C:\Eclipse\SpringToolSuite4\plugins\org.eclipse.m2e.maven.runtime_3.9.900.20240824-1409\jars\maven-builder-support-3.9.9.jar
2025-06-20 19:21:45,855 [Worker-6: Launching Executing clean in E__ARCHIVOS_INSTITUTO CIBERTEC CLASES_LENGUAJE DE PROGRAMACIÓN II_CLASES LPII_SESIÓN 10 LPII_LPII_Sesión_10 - Sol_LPII_Spring_Ventas] INFO  o.eclipse.m2e.core.internal.Bundles - 	Entry: C:\Eclipse\SpringToolSuite4\plugins\org.eclipse.m2e.maven.runtime_3.9.900.20240824-1409\jars\maven-compat-3.9.9.jar
2025-06-20 19:21:45,855 [Worker-6: Launching Executing clean in E__ARCHIVOS_INSTITUTO CIBERTEC CLASES_LENGUAJE DE PROGRAMACIÓN II_CLASES LPII_SESIÓN 10 LPII_LPII_Sesión_10 - Sol_LPII_Spring_Ventas] INFO  o.eclipse.m2e.core.internal.Bundles - 	Entry: C:\Eclipse\SpringToolSuite4\plugins\org.eclipse.m2e.maven.runtime_3.9.900.20240824-1409\jars\maven-core-3.9.9.jar
2025-06-20 19:21:45,855 [Worker-6: Launching Executing clean in E__ARCHIVOS_INSTITUTO CIBERTEC CLASES_LENGUAJE DE PROGRAMACIÓN II_CLASES LPII_SESIÓN 10 LPII_LPII_Sesión_10 - Sol_LPII_Spring_Ventas] INFO  o.eclipse.m2e.core.internal.Bundles - 	Entry: C:\Eclipse\SpringToolSuite4\plugins\org.eclipse.m2e.maven.runtime_3.9.900.20240824-1409\jars\maven-embedder-3.9.9.jar
2025-06-20 19:21:45,855 [Worker-6: Launching Executing clean in E__ARCHIVOS_INSTITUTO CIBERTEC CLASES_LENGUAJE DE PROGRAMACIÓN II_CLASES LPII_SESIÓN 10 LPII_LPII_Sesión_10 - Sol_LPII_Spring_Ventas] INFO  o.eclipse.m2e.core.internal.Bundles - 	Entry: C:\Eclipse\SpringToolSuite4\plugins\org.eclipse.m2e.maven.runtime_3.9.900.20240824-1409\jars\maven-model-3.9.9.jar
2025-06-20 19:21:45,855 [Worker-6: Launching Executing clean in E__ARCHIVOS_INSTITUTO CIBERTEC CLASES_LENGUAJE DE PROGRAMACIÓN II_CLASES LPII_SESIÓN 10 LPII_LPII_Sesión_10 - Sol_LPII_Spring_Ventas] INFO  o.eclipse.m2e.core.internal.Bundles - 	Entry: C:\Eclipse\SpringToolSuite4\plugins\org.eclipse.m2e.maven.runtime_3.9.900.20240824-1409\jars\maven-model-builder-3.9.9.jar
2025-06-20 19:21:45,856 [Worker-6: Launching Executing clean in E__ARCHIVOS_INSTITUTO CIBERTEC CLASES_LENGUAJE DE PROGRAMACIÓN II_CLASES LPII_SESIÓN 10 LPII_LPII_Sesión_10 - Sol_LPII_Spring_Ventas] INFO  o.eclipse.m2e.core.internal.Bundles - 	Entry: C:\Eclipse\SpringToolSuite4\plugins\org.eclipse.m2e.maven.runtime_3.9.900.20240824-1409\jars\maven-plugin-api-3.9.9.jar
2025-06-20 19:21:45,856 [Worker-6: Launching Executing clean in E__ARCHIVOS_INSTITUTO CIBERTEC CLASES_LENGUAJE DE PROGRAMACIÓN II_CLASES LPII_SESIÓN 10 LPII_LPII_Sesión_10 - Sol_LPII_Spring_Ventas] INFO  o.eclipse.m2e.core.internal.Bundles - 	Entry: C:\Eclipse\SpringToolSuite4\plugins\org.eclipse.m2e.maven.runtime_3.9.900.20240824-1409\jars\maven-repository-metadata-3.9.9.jar
2025-06-20 19:21:45,856 [Worker-6: Launching Executing clean in E__ARCHIVOS_INSTITUTO CIBERTEC CLASES_LENGUAJE DE PROGRAMACIÓN II_CLASES LPII_SESIÓN 10 LPII_LPII_Sesión_10 - Sol_LPII_Spring_Ventas] INFO  o.eclipse.m2e.core.internal.Bundles - 	Entry: C:\Eclipse\SpringToolSuite4\plugins\org.eclipse.m2e.maven.runtime_3.9.900.20240824-1409\jars\maven-resolver-api-1.9.22.jar
2025-06-20 19:21:45,856 [Worker-6: Launching Executing clean in E__ARCHIVOS_INSTITUTO CIBERTEC CLASES_LENGUAJE DE PROGRAMACIÓN II_CLASES LPII_SESIÓN 10 LPII_LPII_Sesión_10 - Sol_LPII_Spring_Ventas] INFO  o.eclipse.m2e.core.internal.Bundles - 	Entry: C:\Eclipse\SpringToolSuite4\plugins\org.eclipse.m2e.maven.runtime_3.9.900.20240824-1409\jars\maven-resolver-connector-basic-1.9.22.jar
2025-06-20 19:21:45,856 [Worker-6: Launching Executing clean in E__ARCHIVOS_INSTITUTO CIBERTEC CLASES_LENGUAJE DE PROGRAMACIÓN II_CLASES LPII_SESIÓN 10 LPII_LPII_Sesión_10 - Sol_LPII_Spring_Ventas] INFO  o.eclipse.m2e.core.internal.Bundles - 	Entry: C:\Eclipse\SpringToolSuite4\plugins\org.eclipse.m2e.maven.runtime_3.9.900.20240824-1409\jars\maven-resolver-impl-1.9.22.jar
2025-06-20 19:21:45,857 [Worker-6: Launching Executing clean in E__ARCHIVOS_INSTITUTO CIBERTEC CLASES_LENGUAJE DE PROGRAMACIÓN II_CLASES LPII_SESIÓN 10 LPII_LPII_Sesión_10 - Sol_LPII_Spring_Ventas] INFO  o.eclipse.m2e.core.internal.Bundles - 	Entry: C:\Eclipse\SpringToolSuite4\plugins\org.eclipse.m2e.maven.runtime_3.9.900.20240824-1409\jars\maven-resolver-named-locks-1.9.22.jar
2025-06-20 19:21:45,857 [Worker-6: Launching Executing clean in E__ARCHIVOS_INSTITUTO CIBERTEC CLASES_LENGUAJE DE PROGRAMACIÓN II_CLASES LPII_SESIÓN 10 LPII_LPII_Sesión_10 - Sol_LPII_Spring_Ventas] INFO  o.eclipse.m2e.core.internal.Bundles - 	Entry: C:\Eclipse\SpringToolSuite4\plugins\org.eclipse.m2e.maven.runtime_3.9.900.20240824-1409\jars\maven-resolver-provider-3.9.9.jar
2025-06-20 19:21:45,857 [Worker-6: Launching Executing clean in E__ARCHIVOS_INSTITUTO CIBERTEC CLASES_LENGUAJE DE PROGRAMACIÓN II_CLASES LPII_SESIÓN 10 LPII_LPII_Sesión_10 - Sol_LPII_Spring_Ventas] INFO  o.eclipse.m2e.core.internal.Bundles - 	Entry: C:\Eclipse\SpringToolSuite4\plugins\org.eclipse.m2e.maven.runtime_3.9.900.20240824-1409\jars\maven-resolver-spi-1.9.22.jar
2025-06-20 19:21:45,857 [Worker-6: Launching Executing clean in E__ARCHIVOS_INSTITUTO CIBERTEC CLASES_LENGUAJE DE PROGRAMACIÓN II_CLASES LPII_SESIÓN 10 LPII_LPII_Sesión_10 - Sol_LPII_Spring_Ventas] INFO  o.eclipse.m2e.core.internal.Bundles - 	Entry: C:\Eclipse\SpringToolSuite4\plugins\org.eclipse.m2e.maven.runtime_3.9.900.20240824-1409\jars\maven-resolver-transport-file-1.9.22.jar
2025-06-20 19:21:45,857 [Worker-6: Launching Executing clean in E__ARCHIVOS_INSTITUTO CIBERTEC CLASES_LENGUAJE DE PROGRAMACIÓN II_CLASES LPII_SESIÓN 10 LPII_LPII_Sesión_10 - Sol_LPII_Spring_Ventas] INFO  o.eclipse.m2e.core.internal.Bundles - 	Entry: C:\Eclipse\SpringToolSuite4\plugins\org.eclipse.m2e.maven.runtime_3.9.900.20240824-1409\jars\maven-resolver-transport-http-1.9.22.jar
2025-06-20 19:21:45,857 [Worker-6: Launching Executing clean in E__ARCHIVOS_INSTITUTO CIBERTEC CLASES_LENGUAJE DE PROGRAMACIÓN II_CLASES LPII_SESIÓN 10 LPII_LPII_Sesión_10 - Sol_LPII_Spring_Ventas] INFO  o.eclipse.m2e.core.internal.Bundles - 	Entry: C:\Eclipse\SpringToolSuite4\plugins\org.eclipse.m2e.maven.runtime_3.9.900.20240824-1409\jars\maven-resolver-transport-wagon-1.9.22.jar
2025-06-20 19:21:45,858 [Worker-6: Launching Executing clean in E__ARCHIVOS_INSTITUTO CIBERTEC CLASES_LENGUAJE DE PROGRAMACIÓN II_CLASES LPII_SESIÓN 10 LPII_LPII_Sesión_10 - Sol_LPII_Spring_Ventas] INFO  o.eclipse.m2e.core.internal.Bundles - 	Entry: C:\Eclipse\SpringToolSuite4\plugins\org.eclipse.m2e.maven.runtime_3.9.900.20240824-1409\jars\maven-resolver-util-1.9.22.jar
2025-06-20 19:21:45,858 [Worker-6: Launching Executing clean in E__ARCHIVOS_INSTITUTO CIBERTEC CLASES_LENGUAJE DE PROGRAMACIÓN II_CLASES LPII_SESIÓN 10 LPII_LPII_Sesión_10 - Sol_LPII_Spring_Ventas] INFO  o.eclipse.m2e.core.internal.Bundles - 	Entry: C:\Eclipse\SpringToolSuite4\plugins\org.eclipse.m2e.maven.runtime_3.9.900.20240824-1409\jars\maven-settings-3.9.9.jar
2025-06-20 19:21:45,858 [Worker-6: Launching Executing clean in E__ARCHIVOS_INSTITUTO CIBERTEC CLASES_LENGUAJE DE PROGRAMACIÓN II_CLASES LPII_SESIÓN 10 LPII_LPII_Sesión_10 - Sol_LPII_Spring_Ventas] INFO  o.eclipse.m2e.core.internal.Bundles - 	Entry: C:\Eclipse\SpringToolSuite4\plugins\org.eclipse.m2e.maven.runtime_3.9.900.20240824-1409\jars\maven-settings-builder-3.9.9.jar
2025-06-20 19:21:45,858 [Worker-6: Launching Executing clean in E__ARCHIVOS_INSTITUTO CIBERTEC CLASES_LENGUAJE DE PROGRAMACIÓN II_CLASES LPII_SESIÓN 10 LPII_LPII_Sesión_10 - Sol_LPII_Spring_Ventas] INFO  o.eclipse.m2e.core.internal.Bundles - 	Entry: C:\Eclipse\SpringToolSuite4\plugins\org.eclipse.m2e.maven.runtime_3.9.900.20240824-1409\jars\maven-shared-utils-3.4.2.jar
2025-06-20 19:21:45,858 [Worker-6: Launching Executing clean in E__ARCHIVOS_INSTITUTO CIBERTEC CLASES_LENGUAJE DE PROGRAMACIÓN II_CLASES LPII_SESIÓN 10 LPII_LPII_Sesión_10 - Sol_LPII_Spring_Ventas] INFO  o.eclipse.m2e.core.internal.Bundles - 	Entry: C:\Eclipse\SpringToolSuite4\plugins\org.eclipse.m2e.maven.runtime_3.9.900.20240824-1409\jars\org.eclipse.sisu.inject-0.9.0.M3.jar
2025-06-20 19:21:45,859 [Worker-6: Launching Executing clean in E__ARCHIVOS_INSTITUTO CIBERTEC CLASES_LENGUAJE DE PROGRAMACIÓN II_CLASES LPII_SESIÓN 10 LPII_LPII_Sesión_10 - Sol_LPII_Spring_Ventas] INFO  o.eclipse.m2e.core.internal.Bundles - 	Entry: C:\Eclipse\SpringToolSuite4\plugins\org.eclipse.m2e.maven.runtime_3.9.900.20240824-1409\jars\org.eclipse.sisu.plexus-0.9.0.M3.jar
2025-06-20 19:21:45,859 [Worker-6: Launching Executing clean in E__ARCHIVOS_INSTITUTO CIBERTEC CLASES_LENGUAJE DE PROGRAMACIÓN II_CLASES LPII_SESIÓN 10 LPII_LPII_Sesión_10 - Sol_LPII_Spring_Ventas] INFO  o.eclipse.m2e.core.internal.Bundles - 	Entry: C:\Eclipse\SpringToolSuite4\plugins\org.eclipse.m2e.maven.runtime_3.9.900.20240824-1409\jars\plexus-build-api-0.0.7.jar
2025-06-20 19:21:45,859 [Worker-6: Launching Executing clean in E__ARCHIVOS_INSTITUTO CIBERTEC CLASES_LENGUAJE DE PROGRAMACIÓN II_CLASES LPII_SESIÓN 10 LPII_LPII_Sesión_10 - Sol_LPII_Spring_Ventas] INFO  o.eclipse.m2e.core.internal.Bundles - 	Entry: C:\Eclipse\SpringToolSuite4\plugins\org.eclipse.m2e.maven.runtime_3.9.900.20240824-1409\jars\plexus-build-api-1.2.0.jar
2025-06-20 19:21:45,859 [Worker-6: Launching Executing clean in E__ARCHIVOS_INSTITUTO CIBERTEC CLASES_LENGUAJE DE PROGRAMACIÓN II_CLASES LPII_SESIÓN 10 LPII_LPII_Sesión_10 - Sol_LPII_Spring_Ventas] INFO  o.eclipse.m2e.core.internal.Bundles - 	Entry: C:\Eclipse\SpringToolSuite4\plugins\org.eclipse.m2e.maven.runtime_3.9.900.20240824-1409\jars\plexus-cipher-2.0.jar
2025-06-20 19:21:45,859 [Worker-6: Launching Executing clean in E__ARCHIVOS_INSTITUTO CIBERTEC CLASES_LENGUAJE DE PROGRAMACIÓN II_CLASES LPII_SESIÓN 10 LPII_LPII_Sesión_10 - Sol_LPII_Spring_Ventas] INFO  o.eclipse.m2e.core.internal.Bundles - 	Entry: C:\Eclipse\SpringToolSuite4\plugins\org.eclipse.m2e.maven.runtime_3.9.900.20240824-1409\jars\plexus-classworlds-2.8.0.jar
2025-06-20 19:21:45,859 [Worker-6: Launching Executing clean in E__ARCHIVOS_INSTITUTO CIBERTEC CLASES_LENGUAJE DE PROGRAMACIÓN II_CLASES LPII_SESIÓN 10 LPII_LPII_Sesión_10 - Sol_LPII_Spring_Ventas] INFO  o.eclipse.m2e.core.internal.Bundles - 	Entry: C:\Eclipse\SpringToolSuite4\plugins\org.eclipse.m2e.maven.runtime_3.9.900.20240824-1409\jars\plexus-component-annotations-2.1.0.jar
2025-06-20 19:21:45,860 [Worker-6: Launching Executing clean in E__ARCHIVOS_INSTITUTO CIBERTEC CLASES_LENGUAJE DE PROGRAMACIÓN II_CLASES LPII_SESIÓN 10 LPII_LPII_Sesión_10 - Sol_LPII_Spring_Ventas] INFO  o.eclipse.m2e.core.internal.Bundles - 	Entry: C:\Eclipse\SpringToolSuite4\plugins\org.eclipse.m2e.maven.runtime_3.9.900.20240824-1409\jars\plexus-interpolation-1.27.jar
2025-06-20 19:21:45,860 [Worker-6: Launching Executing clean in E__ARCHIVOS_INSTITUTO CIBERTEC CLASES_LENGUAJE DE PROGRAMACIÓN II_CLASES LPII_SESIÓN 10 LPII_LPII_Sesión_10 - Sol_LPII_Spring_Ventas] INFO  o.eclipse.m2e.core.internal.Bundles - 	Entry: C:\Eclipse\SpringToolSuite4\plugins\org.eclipse.m2e.maven.runtime_3.9.900.20240824-1409\jars\plexus-sec-dispatcher-2.0.jar
2025-06-20 19:21:45,860 [Worker-6: Launching Executing clean in E__ARCHIVOS_INSTITUTO CIBERTEC CLASES_LENGUAJE DE PROGRAMACIÓN II_CLASES LPII_SESIÓN 10 LPII_LPII_Sesión_10 - Sol_LPII_Spring_Ventas] INFO  o.eclipse.m2e.core.internal.Bundles - 	Entry: C:\Eclipse\SpringToolSuite4\plugins\org.eclipse.m2e.maven.runtime_3.9.900.20240824-1409\jars\plexus-utils-3.5.1.jar
2025-06-20 19:21:45,860 [Worker-6: Launching Executing clean in E__ARCHIVOS_INSTITUTO CIBERTEC CLASES_LENGUAJE DE PROGRAMACIÓN II_CLASES LPII_SESIÓN 10 LPII_LPII_Sesión_10 - Sol_LPII_Spring_Ventas] INFO  o.eclipse.m2e.core.internal.Bundles - 	Entry: C:\Eclipse\SpringToolSuite4\plugins\org.eclipse.m2e.maven.runtime_3.9.900.20240824-1409\jars\plexus-xml-3.0.1.jar
2025-06-20 19:21:45,860 [Worker-6: Launching Executing clean in E__ARCHIVOS_INSTITUTO CIBERTEC CLASES_LENGUAJE DE PROGRAMACIÓN II_CLASES LPII_SESIÓN 10 LPII_LPII_Sesión_10 - Sol_LPII_Spring_Ventas] INFO  o.eclipse.m2e.core.internal.Bundles - 	Entry: C:\Eclipse\SpringToolSuite4\plugins\org.eclipse.m2e.maven.runtime_3.9.900.20240824-1409\jars\wagon-file-3.5.3.jar
2025-06-20 19:21:45,860 [Worker-6: Launching Executing clean in E__ARCHIVOS_INSTITUTO CIBERTEC CLASES_LENGUAJE DE PROGRAMACIÓN II_CLASES LPII_SESIÓN 10 LPII_LPII_Sesión_10 - Sol_LPII_Spring_Ventas] INFO  o.eclipse.m2e.core.internal.Bundles - 	Entry: C:\Eclipse\SpringToolSuite4\plugins\org.eclipse.m2e.maven.runtime_3.9.900.20240824-1409\jars\wagon-http-3.5.3.jar
2025-06-20 19:21:45,861 [Worker-6: Launching Executing clean in E__ARCHIVOS_INSTITUTO CIBERTEC CLASES_LENGUAJE DE PROGRAMACIÓN II_CLASES LPII_SESIÓN 10 LPII_LPII_Sesión_10 - Sol_LPII_Spring_Ventas] INFO  o.eclipse.m2e.core.internal.Bundles - 	Entry: C:\Eclipse\SpringToolSuite4\plugins\org.eclipse.m2e.maven.runtime_3.9.900.20240824-1409\jars\wagon-http-shared-3.5.3.jar
2025-06-20 19:21:45,861 [Worker-6: Launching Executing clean in E__ARCHIVOS_INSTITUTO CIBERTEC CLASES_LENGUAJE DE PROGRAMACIÓN II_CLASES LPII_SESIÓN 10 LPII_LPII_Sesión_10 - Sol_LPII_Spring_Ventas] INFO  o.eclipse.m2e.core.internal.Bundles - 	Entry: C:\Eclipse\SpringToolSuite4\plugins\org.eclipse.m2e.maven.runtime_3.9.900.20240824-1409\jars\wagon-provider-api-3.5.3.jar
2025-06-20 19:21:45,863 [Worker-6: Launching Executing clean in E__ARCHIVOS_INSTITUTO CIBERTEC CLASES_LENGUAJE DE PROGRAMACIÓN II_CLASES LPII_SESIÓN 10 LPII_LPII_Sesión_10 - Sol_LPII_Spring_Ventas] INFO  o.eclipse.m2e.core.internal.Bundles - getClasspathEntries(Bundle=com.google.guava_33.3.1.jre [29])
2025-06-20 19:21:45,863 [Worker-6: Launching Executing clean in E__ARCHIVOS_INSTITUTO CIBERTEC CLASES_LENGUAJE DE PROGRAMACIÓN II_CLASES LPII_SESIÓN 10 LPII_LPII_Sesión_10 - Sol_LPII_Spring_Ventas] INFO  o.eclipse.m2e.core.internal.Bundles - 	Entry: C:\Eclipse\SpringToolSuite4\plugins\com.google.guava_33.3.1.jre.jar
2025-06-20 19:21:45,863 [Worker-6: Launching Executing clean in E__ARCHIVOS_INSTITUTO CIBERTEC CLASES_LENGUAJE DE PROGRAMACIÓN II_CLASES LPII_SESIÓN 10 LPII_LPII_Sesión_10 - Sol_LPII_Spring_Ventas] INFO  o.eclipse.m2e.core.internal.Bundles - getClasspathEntries(Bundle=slf4j.api_2.0.16 [615])
2025-06-20 19:21:45,863 [Worker-6: Launching Executing clean in E__ARCHIVOS_INSTITUTO CIBERTEC CLASES_LENGUAJE DE PROGRAMACIÓN II_CLASES LPII_SESIÓN 10 LPII_LPII_Sesión_10 - Sol_LPII_Spring_Ventas] INFO  o.eclipse.m2e.core.internal.Bundles - 	Entry: C:\Eclipse\SpringToolSuite4\plugins\slf4j.api_2.0.16.jar
2025-06-20 19:21:45,863 [Worker-6: Launching Executing clean in E__ARCHIVOS_INSTITUTO CIBERTEC CLASES_LENGUAJE DE PROGRAMACIÓN II_CLASES LPII_SESIÓN 10 LPII_LPII_Sesión_10 - Sol_LPII_Spring_Ventas] INFO  o.eclipse.m2e.core.internal.Bundles - getClasspathEntries(Bundle=jakarta.inject.jakarta.inject-api_1.0.5 [45])
2025-06-20 19:21:45,863 [Worker-6: Launching Executing clean in E__ARCHIVOS_INSTITUTO CIBERTEC CLASES_LENGUAJE DE PROGRAMACIÓN II_CLASES LPII_SESIÓN 10 LPII_LPII_Sesión_10 - Sol_LPII_Spring_Ventas] INFO  o.eclipse.m2e.core.internal.Bundles - 	Entry: C:\Eclipse\SpringToolSuite4\plugins\jakarta.inject.jakarta.inject-api_1.0.5.jar
2025-06-20 19:21:45,863 [Worker-6: Launching Executing clean in E__ARCHIVOS_INSTITUTO CIBERTEC CLASES_LENGUAJE DE PROGRAMACIÓN II_CLASES LPII_SESIÓN 10 LPII_LPII_Sesión_10 - Sol_LPII_Spring_Ventas] INFO  o.eclipse.m2e.core.internal.Bundles - getClasspathEntries(Bundle=jakarta.annotation-api_1.3.5 [41])
2025-06-20 19:21:45,863 [Worker-6: Launching Executing clean in E__ARCHIVOS_INSTITUTO CIBERTEC CLASES_LENGUAJE DE PROGRAMACIÓN II_CLASES LPII_SESIÓN 10 LPII_LPII_Sesión_10 - Sol_LPII_Spring_Ventas] INFO  o.eclipse.m2e.core.internal.Bundles - 	Entry: C:\Eclipse\SpringToolSuite4\plugins\jakarta.annotation-api_1.3.5.jar
2025-06-20 19:21:45,864 [Worker-6: Launching Executing clean in E__ARCHIVOS_INSTITUTO CIBERTEC CLASES_LENGUAJE DE PROGRAMACIÓN II_CLASES LPII_SESIÓN 10 LPII_LPII_Sesión_10 - Sol_LPII_Spring_Ventas] INFO  o.eclipse.m2e.core.internal.Bundles - getClasspathEntries(Bundle=org.apache.commons.cli_1.9.0 [78])
2025-06-20 19:21:45,864 [Worker-6: Launching Executing clean in E__ARCHIVOS_INSTITUTO CIBERTEC CLASES_LENGUAJE DE PROGRAMACIÓN II_CLASES LPII_SESIÓN 10 LPII_LPII_Sesión_10 - Sol_LPII_Spring_Ventas] INFO  o.eclipse.m2e.core.internal.Bundles - 	Entry: C:\Eclipse\SpringToolSuite4\plugins\org.apache.commons.cli_1.9.0.jar
2025-06-20 19:21:45,864 [Worker-6: Launching Executing clean in E__ARCHIVOS_INSTITUTO CIBERTEC CLASES_LENGUAJE DE PROGRAMACIÓN II_CLASES LPII_SESIÓN 10 LPII_LPII_Sesión_10 - Sol_LPII_Spring_Ventas] INFO  o.eclipse.m2e.core.internal.Bundles - getClasspathEntries(Bundle=org.apache.commons.commons-codec_1.16.0 [81])
2025-06-20 19:21:45,864 [Worker-6: Launching Executing clean in E__ARCHIVOS_INSTITUTO CIBERTEC CLASES_LENGUAJE DE PROGRAMACIÓN II_CLASES LPII_SESIÓN 10 LPII_LPII_Sesión_10 - Sol_LPII_Spring_Ventas] INFO  o.eclipse.m2e.core.internal.Bundles - 	Entry: C:\Eclipse\SpringToolSuite4\plugins\org.apache.commons.commons-codec_1.16.0.jar
2025-06-20 19:21:45,864 [Worker-6: Launching Executing clean in E__ARCHIVOS_INSTITUTO CIBERTEC CLASES_LENGUAJE DE PROGRAMACIÓN II_CLASES LPII_SESIÓN 10 LPII_LPII_Sesión_10 - Sol_LPII_Spring_Ventas] INFO  o.eclipse.m2e.core.internal.Bundles - getClasspathEntries(Bundle=com.google.guava.failureaccess_1.0.2 [30])
2025-06-20 19:21:45,864 [Worker-6: Launching Executing clean in E__ARCHIVOS_INSTITUTO CIBERTEC CLASES_LENGUAJE DE PROGRAMACIÓN II_CLASES LPII_SESIÓN 10 LPII_LPII_Sesión_10 - Sol_LPII_Spring_Ventas] INFO  o.eclipse.m2e.core.internal.Bundles - 	Entry: C:\Eclipse\SpringToolSuite4\plugins\com.google.guava.failureaccess_1.0.2.jar
2025-06-20 19:21:45,873 [Worker-6: Launching Executing clean in E__ARCHIVOS_INSTITUTO CIBERTEC CLASES_LENGUAJE DE PROGRAMACIÓN II_CLASES LPII_SESIÓN 10 LPII_LPII_Sesión_10 - Sol_LPII_Spring_Ventas] INFO  o.e.m.i.launch.MavenLaunchDelegate - Run build in "E:\ARCHIVOS\INSTITUTO CIBERTEC CLASES\LENGUAJE DE PROGRAMACIÓN II\CLASES LPII\SESIÓN 10 LPII\LPII_Sesión_10 - Sol\LPII_Spring_Ventas":
2025-06-20 19:21:45,876 [Worker-6: Launching Executing clean in E__ARCHIVOS_INSTITUTO CIBERTEC CLASES_LENGUAJE DE PROGRAMACIÓN II_CLASES LPII_SESIÓN 10 LPII_LPII_Sesión_10 - Sol_LPII_Spring_Ventas] INFO  o.e.m.i.launch.MavenLaunchDelegate -  mvn  -Ppom.xml -B -Dstyle.color=always clean
2025-06-20 19:21:50,708 [Worker-10: Building] INFO  o.e.m.c.i.embedder.EclipseLogger - Using 'UTF-8' encoding to copy filtered resources.
2025-06-20 19:21:50,708 [Worker-10: Building] INFO  o.e.m.c.i.embedder.EclipseLogger - Using 'UTF-8' encoding to copy filtered properties files.
2025-06-20 19:21:50,708 [Worker-10: Building] INFO  o.e.m.c.i.embedder.EclipseLogger - Copying 1 resource
2025-06-20 19:21:50,711 [Worker-10: Building] INFO  o.e.m.c.i.embedder.EclipseLogger - Copying 15 resources
2025-06-20 19:21:50,746 [Worker-10: Building] INFO  o.e.m.c.i.embedder.EclipseLogger - Using 'UTF-8' encoding to copy filtered resources.
2025-06-20 19:21:50,746 [Worker-10: Building] INFO  o.e.m.c.i.embedder.EclipseLogger - Using 'UTF-8' encoding to copy filtered properties files.
2025-06-20 19:21:50,746 [Worker-10: Building] INFO  o.e.m.c.i.embedder.EclipseLogger - skip non existing resourceDirectory E:\ARCHIVOS\INSTITUTO CIBERTEC CLASES\LENGUAJE DE PROGRAMACIÓN II\CLASES LPII\SESIÓN 10 LPII\LPII_Sesión_10 - Sol\LPII_Spring_Ventas\src\test\resources
2025-06-20 19:21:50,748 [Worker-10: Building] INFO  o.e.m.w.i.f.ResourceFilteringBuildParticipant - Changed resources require a complete clean of filtered resources of LPII_Spring_Ventas
2025-06-20 19:21:50,748 [Worker-10: Building] INFO  o.e.m.w.i.f.ResourceFilteringBuildParticipant - Executing resource filtering for LPII_Spring_Ventas
2025-06-20 19:22:03,872 [Worker-2: Updating Maven Project] INFO  o.e.m.c.i.p.ProjectConfigurationManager - Update started
2025-06-20 19:22:04,539 [Worker-2: Updating Maven Project] WARN  o.a.m.r.i.DefaultArtifactDescriptorReader - 1 problem was encountered while building the effective model for org.javassist:javassist:jar:3.20.0-GA during dependency collection step for project (use -X to see details)
2025-06-20 19:22:04,946 [Worker-2: Updating Maven Project] INFO  o.e.m.c.i.l.LifecycleMappingFactory - Using org.maven.ide.eclipse.wtp.WarLifecycleMapping lifecycle mapping for MavenProject: com.cibertec.app:LPII_Spring_Ventas:0.0.1-SNAPSHOT @ E:\ARCHIVOS\INSTITUTO CIBERTEC CLASES\LENGUAJE DE PROGRAMACIÓN II\CLASES LPII\SESIÓN 10 LPII\LPII_Sesión_10 - Sol\LPII_Spring_Ventas\pom.xml.
2025-06-20 19:22:05,669 [Worker-2: Updating Maven Project] INFO  o.e.m.j.i.AbstractJavaProjectConfigurator - Adding source folder /LPII_Spring_Ventas/src/main/java
2025-06-20 19:22:05,672 [Worker-2: Updating Maven Project] INFO  o.e.m.j.i.AbstractJavaProjectConfigurator - Adding resource folder /LPII_Spring_Ventas/src/main/resources
2025-06-20 19:22:05,673 [Worker-2: Updating Maven Project] INFO  o.e.m.j.i.AbstractJavaProjectConfigurator - Adding resource folder /LPII_Spring_Ventas/src/main/resources
2025-06-20 19:22:05,674 [Worker-2: Updating Maven Project] INFO  o.e.m.j.i.AbstractJavaProjectConfigurator - Adding source folder /LPII_Spring_Ventas/src/test/java
2025-06-20 19:22:05,675 [Worker-2: Updating Maven Project] INFO  o.e.m.j.i.AbstractJavaProjectConfigurator - Adding resource folder /LPII_Spring_Ventas/src/test/resources
2025-06-20 19:22:06,391 [Worker-2: Updating Maven Project] INFO  o.e.m.w.i.f.ResourceFilteringBuildParticipant - Cleaning filtered folder for LPII_Spring_Ventas
2025-06-20 19:22:06,408 [Worker-2: Updating Maven Project] INFO  o.e.m.c.i.p.ProjectConfigurationManager - Update completed for 1 poms: local refresh takes 0,00 sec, refresh facades takes 1,00 sec, update config takes 0,00 sec 
2025-06-20 19:22:07,050 [Worker-2: Building] INFO  o.e.m.c.i.embedder.EclipseLogger - Using 'UTF-8' encoding to copy filtered resources.
2025-06-20 19:22:07,050 [Worker-2: Building] INFO  o.e.m.c.i.embedder.EclipseLogger - Using 'UTF-8' encoding to copy filtered properties files.
2025-06-20 19:22:07,050 [Worker-2: Building] INFO  o.e.m.c.i.embedder.EclipseLogger - Copying 1 resource
2025-06-20 19:22:07,067 [Worker-2: Building] INFO  o.e.m.c.i.embedder.EclipseLogger - Copying 15 resources
2025-06-20 19:22:07,236 [Worker-2: Building] INFO  o.e.m.c.i.embedder.EclipseLogger - Using 'UTF-8' encoding to copy filtered resources.
2025-06-20 19:22:07,236 [Worker-2: Building] INFO  o.e.m.c.i.embedder.EclipseLogger - Using 'UTF-8' encoding to copy filtered properties files.
2025-06-20 19:22:07,236 [Worker-2: Building] INFO  o.e.m.c.i.embedder.EclipseLogger - skip non existing resourceDirectory E:\ARCHIVOS\INSTITUTO CIBERTEC CLASES\LENGUAJE DE PROGRAMACIÓN II\CLASES LPII\SESIÓN 10 LPII\LPII_Sesión_10 - Sol\LPII_Spring_Ventas\src\test\resources
2025-06-20 19:22:07,237 [Worker-2: Building] INFO  o.e.m.w.i.f.ResourceFilteringBuildParticipant - Changed resources require a complete clean of filtered resources of LPII_Spring_Ventas
2025-06-20 19:22:07,237 [Worker-2: Building] INFO  o.e.m.w.i.f.ResourceFilteringBuildParticipant - Executing resource filtering for LPII_Spring_Ventas
2025-06-20 19:39:00,195 [Worker-15: Building] INFO  o.e.m.c.i.embedder.EclipseLogger - Using 'UTF-8' encoding to copy filtered resources.
2025-06-20 19:39:00,195 [Worker-15: Building] INFO  o.e.m.c.i.embedder.EclipseLogger - Using 'UTF-8' encoding to copy filtered properties files.
2025-06-20 19:39:00,197 [Worker-15: Building] INFO  o.e.m.c.i.embedder.EclipseLogger - Copying 1 resource
2025-06-20 19:39:00,202 [Worker-15: Building] INFO  o.e.m.c.i.embedder.EclipseLogger - Copying 15 resources
2025-06-20 19:39:00,209 [Worker-15: Building] INFO  o.e.m.c.i.embedder.EclipseLogger - Using 'UTF-8' encoding to copy filtered resources.
2025-06-20 19:39:00,209 [Worker-15: Building] INFO  o.e.m.c.i.embedder.EclipseLogger - Using 'UTF-8' encoding to copy filtered properties files.
2025-06-20 19:39:00,209 [Worker-15: Building] INFO  o.e.m.c.i.embedder.EclipseLogger - skip non existing resourceDirectory E:\ARCHIVOS\INSTITUTO CIBERTEC CLASES\LENGUAJE DE PROGRAMACIÓN II\CLASES LPII\SESIÓN 10 LPII\LPII_Sesión_10 - Sol\LPII_Spring_Ventas\src\test\resources
2025-06-20 20:28:40,419 [Worker-25: Building] INFO  o.e.m.c.i.embedder.EclipseLogger - Using 'UTF-8' encoding to copy filtered resources.
2025-06-20 20:28:40,419 [Worker-25: Building] INFO  o.e.m.c.i.embedder.EclipseLogger - Using 'UTF-8' encoding to copy filtered properties files.
2025-06-20 20:28:40,421 [Worker-25: Building] INFO  o.e.m.c.i.embedder.EclipseLogger - Copying 1 resource
2025-06-20 20:28:40,432 [Worker-25: Building] INFO  o.e.m.c.i.embedder.EclipseLogger - Copying 15 resources
2025-06-20 20:28:40,444 [Worker-25: Building] INFO  o.e.m.c.i.embedder.EclipseLogger - Using 'UTF-8' encoding to copy filtered resources.
2025-06-20 20:28:40,444 [Worker-25: Building] INFO  o.e.m.c.i.embedder.EclipseLogger - Using 'UTF-8' encoding to copy filtered properties files.
2025-06-20 20:28:40,444 [Worker-25: Building] INFO  o.e.m.c.i.embedder.EclipseLogger - skip non existing resourceDirectory E:\ARCHIVOS\INSTITUTO CIBERTEC CLASES\LENGUAJE DE PROGRAMACIÓN II\CLASES LPII\SESIÓN 10 LPII\LPII_Sesión_10 - Sol\LPII_Spring_Ventas\src\test\resources
2025-06-20 21:15:07,302 [Worker-34: Building] INFO  o.e.m.c.i.embedder.EclipseLogger - Using 'UTF-8' encoding to copy filtered resources.
2025-06-20 21:15:07,302 [Worker-34: Building] INFO  o.e.m.c.i.embedder.EclipseLogger - Using 'UTF-8' encoding to copy filtered properties files.
2025-06-20 21:15:07,303 [Worker-34: Building] INFO  o.e.m.c.i.embedder.EclipseLogger - Copying 1 resource
2025-06-20 21:15:07,382 [Worker-34: Building] INFO  o.e.m.c.i.embedder.EclipseLogger - Copying 15 resources
2025-06-20 21:15:07,392 [Worker-34: Building] INFO  o.e.m.c.i.embedder.EclipseLogger - Using 'UTF-8' encoding to copy filtered resources.
2025-06-20 21:15:07,392 [Worker-34: Building] INFO  o.e.m.c.i.embedder.EclipseLogger - Using 'UTF-8' encoding to copy filtered properties files.
2025-06-20 21:15:07,392 [Worker-34: Building] INFO  o.e.m.c.i.embedder.EclipseLogger - skip non existing resourceDirectory E:\ARCHIVOS\INSTITUTO CIBERTEC CLASES\LENGUAJE DE PROGRAMACIÓN II\CLASES LPII\SESIÓN 10 LPII\LPII_Sesión_10 - Sol\LPII_Spring_Ventas\src\test\resources
2025-10-17 11:06:57,746 [Worker-4: Building] WARN  o.a.m.r.i.DefaultArtifactDescriptorReader - 1 problem was encountered while building the effective model for org.javassist:javassist:jar:3.20.0-GA during dependency collection step for project (use -X to see details)
2025-10-17 11:06:58,857 [Worker-4: Building] INFO  o.e.m.c.i.embedder.EclipseLogger - Using 'UTF-8' encoding to copy filtered resources.
2025-10-17 11:06:58,857 [Worker-4: Building] INFO  o.e.m.c.i.embedder.EclipseLogger - Using 'UTF-8' encoding to copy filtered properties files.
2025-10-17 11:06:58,863 [Worker-4: Building] INFO  o.e.m.c.i.embedder.EclipseLogger - Copying 1 resource
2025-10-17 11:06:58,884 [Worker-4: Building] INFO  o.e.m.c.i.embedder.EclipseLogger - Copying 15 resources
2025-10-17 11:06:59,572 [Worker-4: Building] INFO  o.e.m.c.i.embedder.EclipseLogger - Using 'UTF-8' encoding to copy filtered resources.
2025-10-17 11:06:59,572 [Worker-4: Building] INFO  o.e.m.c.i.embedder.EclipseLogger - Using 'UTF-8' encoding to copy filtered properties files.
2025-10-17 11:06:59,572 [Worker-4: Building] INFO  o.e.m.c.i.embedder.EclipseLogger - skip non existing resourceDirectory F:\ARCHIVOS\INSTITUTO CIBERTEC CLASES\LENGUAJE DE PROGRAMACIÓN II\CLASES LPII\SESIÓN 10 LPII\LPII_Sesión_10 - Sol\LPII_Spring_Ventas\src\test\resources
2025-10-17 11:07:03,317 [Worker-5: Loading available Gradle versions] INFO  o.e.b.c.i.u.g.PublishedGradleVersions - Gradle version information cache is out-of-date. Trying to update.
2025-10-17 11:07:32,983 [Worker-5: Launching Executing clean in F__ARCHIVOS_INSTITUTO CIBERTEC CLASES_LENGUAJE DE PROGRAMACIÓN II_CLASES LPII_SESIÓN 10 LPII_LPII_Sesión_10 - Sol_LPII_Spring_Ventas] INFO  o.eclipse.m2e.core.internal.Bundles - getClasspathEntries(Bundle=org.eclipse.m2e.maven.runtime_3.9.900.20240824-1409 [364])
2025-10-17 11:07:32,986 [Worker-5: Launching Executing clean in F__ARCHIVOS_INSTITUTO CIBERTEC CLASES_LENGUAJE DE PROGRAMACIÓN II_CLASES LPII_SESIÓN 10 LPII_LPII_Sesión_10 - Sol_LPII_Spring_Ventas] INFO  o.eclipse.m2e.core.internal.Bundles - 	Entry: C:\Eclipse\SpringToolSuite4\plugins\org.eclipse.m2e.maven.runtime_3.9.900.20240824-1409
2025-10-17 11:07:32,987 [Worker-5: Launching Executing clean in F__ARCHIVOS_INSTITUTO CIBERTEC CLASES_LENGUAJE DE PROGRAMACIÓN II_CLASES LPII_SESIÓN 10 LPII_LPII_Sesión_10 - Sol_LPII_Spring_Ventas] INFO  o.eclipse.m2e.core.internal.Bundles - 	Entry: C:\Eclipse\SpringToolSuite4\plugins\org.eclipse.m2e.maven.runtime_3.9.900.20240824-1409\jars\aopalliance-1.0.jar
2025-10-17 11:07:32,987 [Worker-5: Launching Executing clean in F__ARCHIVOS_INSTITUTO CIBERTEC CLASES_LENGUAJE DE PROGRAMACIÓN II_CLASES LPII_SESIÓN 10 LPII_LPII_Sesión_10 - Sol_LPII_Spring_Ventas] INFO  o.eclipse.m2e.core.internal.Bundles - 	Entry: C:\Eclipse\SpringToolSuite4\plugins\org.eclipse.m2e.maven.runtime_3.9.900.20240824-1409\jars\guice-5.1.0.jar
2025-10-17 11:07:32,987 [Worker-5: Launching Executing clean in F__ARCHIVOS_INSTITUTO CIBERTEC CLASES_LENGUAJE DE PROGRAMACIÓN II_CLASES LPII_SESIÓN 10 LPII_LPII_Sesión_10 - Sol_LPII_Spring_Ventas] INFO  o.eclipse.m2e.core.internal.Bundles - 	Entry: C:\Eclipse\SpringToolSuite4\plugins\org.eclipse.m2e.maven.runtime_3.9.900.20240824-1409\jars\httpclient-4.5.14.jar
2025-10-17 11:07:32,987 [Worker-5: Launching Executing clean in F__ARCHIVOS_INSTITUTO CIBERTEC CLASES_LENGUAJE DE PROGRAMACIÓN II_CLASES LPII_SESIÓN 10 LPII_LPII_Sesión_10 - Sol_LPII_Spring_Ventas] INFO  o.eclipse.m2e.core.internal.Bundles - 	Entry: C:\Eclipse\SpringToolSuite4\plugins\org.eclipse.m2e.maven.runtime_3.9.900.20240824-1409\jars\httpcore-4.4.16.jar
2025-10-17 11:07:32,987 [Worker-5: Launching Executing clean in F__ARCHIVOS_INSTITUTO CIBERTEC CLASES_LENGUAJE DE PROGRAMACIÓN II_CLASES LPII_SESIÓN 10 LPII_LPII_Sesión_10 - Sol_LPII_Spring_Ventas] INFO  o.eclipse.m2e.core.internal.Bundles - 	Entry: C:\Eclipse\SpringToolSuite4\plugins\org.eclipse.m2e.maven.runtime_3.9.900.20240824-1409\jars\jansi-2.4.1.jar
2025-10-17 11:07:32,988 [Worker-5: Launching Executing clean in F__ARCHIVOS_INSTITUTO CIBERTEC CLASES_LENGUAJE DE PROGRAMACIÓN II_CLASES LPII_SESIÓN 10 LPII_LPII_Sesión_10 - Sol_LPII_Spring_Ventas] INFO  o.eclipse.m2e.core.internal.Bundles - 	Entry: C:\Eclipse\SpringToolSuite4\plugins\org.eclipse.m2e.maven.runtime_3.9.900.20240824-1409\jars\jcl-over-slf4j-1.7.36.jar
2025-10-17 11:07:32,988 [Worker-5: Launching Executing clean in F__ARCHIVOS_INSTITUTO CIBERTEC CLASES_LENGUAJE DE PROGRAMACIÓN II_CLASES LPII_SESIÓN 10 LPII_LPII_Sesión_10 - Sol_LPII_Spring_Ventas] INFO  o.eclipse.m2e.core.internal.Bundles - 	Entry: C:\Eclipse\SpringToolSuite4\plugins\org.eclipse.m2e.maven.runtime_3.9.900.20240824-1409\jars\maven-artifact-3.9.9.jar
2025-10-17 11:07:32,988 [Worker-5: Launching Executing clean in F__ARCHIVOS_INSTITUTO CIBERTEC CLASES_LENGUAJE DE PROGRAMACIÓN II_CLASES LPII_SESIÓN 10 LPII_LPII_Sesión_10 - Sol_LPII_Spring_Ventas] INFO  o.eclipse.m2e.core.internal.Bundles - 	Entry: C:\Eclipse\SpringToolSuite4\plugins\org.eclipse.m2e.maven.runtime_3.9.900.20240824-1409\jars\maven-builder-support-3.9.9.jar
2025-10-17 11:07:32,988 [Worker-5: Launching Executing clean in F__ARCHIVOS_INSTITUTO CIBERTEC CLASES_LENGUAJE DE PROGRAMACIÓN II_CLASES LPII_SESIÓN 10 LPII_LPII_Sesión_10 - Sol_LPII_Spring_Ventas] INFO  o.eclipse.m2e.core.internal.Bundles - 	Entry: C:\Eclipse\SpringToolSuite4\plugins\org.eclipse.m2e.maven.runtime_3.9.900.20240824-1409\jars\maven-compat-3.9.9.jar
2025-10-17 11:07:32,988 [Worker-5: Launching Executing clean in F__ARCHIVOS_INSTITUTO CIBERTEC CLASES_LENGUAJE DE PROGRAMACIÓN II_CLASES LPII_SESIÓN 10 LPII_LPII_Sesión_10 - Sol_LPII_Spring_Ventas] INFO  o.eclipse.m2e.core.internal.Bundles - 	Entry: C:\Eclipse\SpringToolSuite4\plugins\org.eclipse.m2e.maven.runtime_3.9.900.20240824-1409\jars\maven-core-3.9.9.jar
2025-10-17 11:07:32,989 [Worker-5: Launching Executing clean in F__ARCHIVOS_INSTITUTO CIBERTEC CLASES_LENGUAJE DE PROGRAMACIÓN II_CLASES LPII_SESIÓN 10 LPII_LPII_Sesión_10 - Sol_LPII_Spring_Ventas] INFO  o.eclipse.m2e.core.internal.Bundles - 	Entry: C:\Eclipse\SpringToolSuite4\plugins\org.eclipse.m2e.maven.runtime_3.9.900.20240824-1409\jars\maven-embedder-3.9.9.jar
2025-10-17 11:07:32,989 [Worker-5: Launching Executing clean in F__ARCHIVOS_INSTITUTO CIBERTEC CLASES_LENGUAJE DE PROGRAMACIÓN II_CLASES LPII_SESIÓN 10 LPII_LPII_Sesión_10 - Sol_LPII_Spring_Ventas] INFO  o.eclipse.m2e.core.internal.Bundles - 	Entry: C:\Eclipse\SpringToolSuite4\plugins\org.eclipse.m2e.maven.runtime_3.9.900.20240824-1409\jars\maven-model-3.9.9.jar
2025-10-17 11:07:32,989 [Worker-5: Launching Executing clean in F__ARCHIVOS_INSTITUTO CIBERTEC CLASES_LENGUAJE DE PROGRAMACIÓN II_CLASES LPII_SESIÓN 10 LPII_LPII_Sesión_10 - Sol_LPII_Spring_Ventas] INFO  o.eclipse.m2e.core.internal.Bundles - 	Entry: C:\Eclipse\SpringToolSuite4\plugins\org.eclipse.m2e.maven.runtime_3.9.900.20240824-1409\jars\maven-model-builder-3.9.9.jar
2025-10-17 11:07:32,989 [Worker-5: Launching Executing clean in F__ARCHIVOS_INSTITUTO CIBERTEC CLASES_LENGUAJE DE PROGRAMACIÓN II_CLASES LPII_SESIÓN 10 LPII_LPII_Sesión_10 - Sol_LPII_Spring_Ventas] INFO  o.eclipse.m2e.core.internal.Bundles - 	Entry: C:\Eclipse\SpringToolSuite4\plugins\org.eclipse.m2e.maven.runtime_3.9.900.20240824-1409\jars\maven-plugin-api-3.9.9.jar
2025-10-17 11:07:32,989 [Worker-5: Launching Executing clean in F__ARCHIVOS_INSTITUTO CIBERTEC CLASES_LENGUAJE DE PROGRAMACIÓN II_CLASES LPII_SESIÓN 10 LPII_LPII_Sesión_10 - Sol_LPII_Spring_Ventas] INFO  o.eclipse.m2e.core.internal.Bundles - 	Entry: C:\Eclipse\SpringToolSuite4\plugins\org.eclipse.m2e.maven.runtime_3.9.900.20240824-1409\jars\maven-repository-metadata-3.9.9.jar
2025-10-17 11:07:32,989 [Worker-5: Launching Executing clean in F__ARCHIVOS_INSTITUTO CIBERTEC CLASES_LENGUAJE DE PROGRAMACIÓN II_CLASES LPII_SESIÓN 10 LPII_LPII_Sesión_10 - Sol_LPII_Spring_Ventas] INFO  o.eclipse.m2e.core.internal.Bundles - 	Entry: C:\Eclipse\SpringToolSuite4\plugins\org.eclipse.m2e.maven.runtime_3.9.900.20240824-1409\jars\maven-resolver-api-1.9.22.jar
2025-10-17 11:07:32,990 [Worker-5: Launching Executing clean in F__ARCHIVOS_INSTITUTO CIBERTEC CLASES_LENGUAJE DE PROGRAMACIÓN II_CLASES LPII_SESIÓN 10 LPII_LPII_Sesión_10 - Sol_LPII_Spring_Ventas] INFO  o.eclipse.m2e.core.internal.Bundles - 	Entry: C:\Eclipse\SpringToolSuite4\plugins\org.eclipse.m2e.maven.runtime_3.9.900.20240824-1409\jars\maven-resolver-connector-basic-1.9.22.jar
2025-10-17 11:07:32,990 [Worker-5: Launching Executing clean in F__ARCHIVOS_INSTITUTO CIBERTEC CLASES_LENGUAJE DE PROGRAMACIÓN II_CLASES LPII_SESIÓN 10 LPII_LPII_Sesión_10 - Sol_LPII_Spring_Ventas] INFO  o.eclipse.m2e.core.internal.Bundles - 	Entry: C:\Eclipse\SpringToolSuite4\plugins\org.eclipse.m2e.maven.runtime_3.9.900.20240824-1409\jars\maven-resolver-impl-1.9.22.jar
2025-10-17 11:07:32,990 [Worker-5: Launching Executing clean in F__ARCHIVOS_INSTITUTO CIBERTEC CLASES_LENGUAJE DE PROGRAMACIÓN II_CLASES LPII_SESIÓN 10 LPII_LPII_Sesión_10 - Sol_LPII_Spring_Ventas] INFO  o.eclipse.m2e.core.internal.Bundles - 	Entry: C:\Eclipse\SpringToolSuite4\plugins\org.eclipse.m2e.maven.runtime_3.9.900.20240824-1409\jars\maven-resolver-named-locks-1.9.22.jar
2025-10-17 11:07:32,990 [Worker-5: Launching Executing clean in F__ARCHIVOS_INSTITUTO CIBERTEC CLASES_LENGUAJE DE PROGRAMACIÓN II_CLASES LPII_SESIÓN 10 LPII_LPII_Sesión_10 - Sol_LPII_Spring_Ventas] INFO  o.eclipse.m2e.core.internal.Bundles - 	Entry: C:\Eclipse\SpringToolSuite4\plugins\org.eclipse.m2e.maven.runtime_3.9.900.20240824-1409\jars\maven-resolver-provider-3.9.9.jar
2025-10-17 11:07:32,990 [Worker-5: Launching Executing clean in F__ARCHIVOS_INSTITUTO CIBERTEC CLASES_LENGUAJE DE PROGRAMACIÓN II_CLASES LPII_SESIÓN 10 LPII_LPII_Sesión_10 - Sol_LPII_Spring_Ventas] INFO  o.eclipse.m2e.core.internal.Bundles - 	Entry: C:\Eclipse\SpringToolSuite4\plugins\org.eclipse.m2e.maven.runtime_3.9.900.20240824-1409\jars\maven-resolver-spi-1.9.22.jar
2025-10-17 11:07:32,991 [Worker-5: Launching Executing clean in F__ARCHIVOS_INSTITUTO CIBERTEC CLASES_LENGUAJE DE PROGRAMACIÓN II_CLASES LPII_SESIÓN 10 LPII_LPII_Sesión_10 - Sol_LPII_Spring_Ventas] INFO  o.eclipse.m2e.core.internal.Bundles - 	Entry: C:\Eclipse\SpringToolSuite4\plugins\org.eclipse.m2e.maven.runtime_3.9.900.20240824-1409\jars\maven-resolver-transport-file-1.9.22.jar
2025-10-17 11:07:32,991 [Worker-5: Launching Executing clean in F__ARCHIVOS_INSTITUTO CIBERTEC CLASES_LENGUAJE DE PROGRAMACIÓN II_CLASES LPII_SESIÓN 10 LPII_LPII_Sesión_10 - Sol_LPII_Spring_Ventas] INFO  o.eclipse.m2e.core.internal.Bundles - 	Entry: C:\Eclipse\SpringToolSuite4\plugins\org.eclipse.m2e.maven.runtime_3.9.900.20240824-1409\jars\maven-resolver-transport-http-1.9.22.jar
2025-10-17 11:07:32,991 [Worker-5: Launching Executing clean in F__ARCHIVOS_INSTITUTO CIBERTEC CLASES_LENGUAJE DE PROGRAMACIÓN II_CLASES LPII_SESIÓN 10 LPII_LPII_Sesión_10 - Sol_LPII_Spring_Ventas] INFO  o.eclipse.m2e.core.internal.Bundles - 	Entry: C:\Eclipse\SpringToolSuite4\plugins\org.eclipse.m2e.maven.runtime_3.9.900.20240824-1409\jars\maven-resolver-transport-wagon-1.9.22.jar
2025-10-17 11:07:32,991 [Worker-5: Launching Executing clean in F__ARCHIVOS_INSTITUTO CIBERTEC CLASES_LENGUAJE DE PROGRAMACIÓN II_CLASES LPII_SESIÓN 10 LPII_LPII_Sesión_10 - Sol_LPII_Spring_Ventas] INFO  o.eclipse.m2e.core.internal.Bundles - 	Entry: C:\Eclipse\SpringToolSuite4\plugins\org.eclipse.m2e.maven.runtime_3.9.900.20240824-1409\jars\maven-resolver-util-1.9.22.jar
2025-10-17 11:07:32,991 [Worker-5: Launching Executing clean in F__ARCHIVOS_INSTITUTO CIBERTEC CLASES_LENGUAJE DE PROGRAMACIÓN II_CLASES LPII_SESIÓN 10 LPII_LPII_Sesión_10 - Sol_LPII_Spring_Ventas] INFO  o.eclipse.m2e.core.internal.Bundles - 	Entry: C:\Eclipse\SpringToolSuite4\plugins\org.eclipse.m2e.maven.runtime_3.9.900.20240824-1409\jars\maven-settings-3.9.9.jar
2025-10-17 11:07:32,992 [Worker-5: Launching Executing clean in F__ARCHIVOS_INSTITUTO CIBERTEC CLASES_LENGUAJE DE PROGRAMACIÓN II_CLASES LPII_SESIÓN 10 LPII_LPII_Sesión_10 - Sol_LPII_Spring_Ventas] INFO  o.eclipse.m2e.core.internal.Bundles - 	Entry: C:\Eclipse\SpringToolSuite4\plugins\org.eclipse.m2e.maven.runtime_3.9.900.20240824-1409\jars\maven-settings-builder-3.9.9.jar
2025-10-17 11:07:32,992 [Worker-5: Launching Executing clean in F__ARCHIVOS_INSTITUTO CIBERTEC CLASES_LENGUAJE DE PROGRAMACIÓN II_CLASES LPII_SESIÓN 10 LPII_LPII_Sesión_10 - Sol_LPII_Spring_Ventas] INFO  o.eclipse.m2e.core.internal.Bundles - 	Entry: C:\Eclipse\SpringToolSuite4\plugins\org.eclipse.m2e.maven.runtime_3.9.900.20240824-1409\jars\maven-shared-utils-3.4.2.jar
2025-10-17 11:07:32,992 [Worker-5: Launching Executing clean in F__ARCHIVOS_INSTITUTO CIBERTEC CLASES_LENGUAJE DE PROGRAMACIÓN II_CLASES LPII_SESIÓN 10 LPII_LPII_Sesión_10 - Sol_LPII_Spring_Ventas] INFO  o.eclipse.m2e.core.internal.Bundles - 	Entry: C:\Eclipse\SpringToolSuite4\plugins\org.eclipse.m2e.maven.runtime_3.9.900.20240824-1409\jars\org.eclipse.sisu.inject-0.9.0.M3.jar
2025-10-17 11:07:32,992 [Worker-5: Launching Executing clean in F__ARCHIVOS_INSTITUTO CIBERTEC CLASES_LENGUAJE DE PROGRAMACIÓN II_CLASES LPII_SESIÓN 10 LPII_LPII_Sesión_10 - Sol_LPII_Spring_Ventas] INFO  o.eclipse.m2e.core.internal.Bundles - 	Entry: C:\Eclipse\SpringToolSuite4\plugins\org.eclipse.m2e.maven.runtime_3.9.900.20240824-1409\jars\org.eclipse.sisu.plexus-0.9.0.M3.jar
2025-10-17 11:07:32,993 [Worker-5: Launching Executing clean in F__ARCHIVOS_INSTITUTO CIBERTEC CLASES_LENGUAJE DE PROGRAMACIÓN II_CLASES LPII_SESIÓN 10 LPII_LPII_Sesión_10 - Sol_LPII_Spring_Ventas] INFO  o.eclipse.m2e.core.internal.Bundles - 	Entry: C:\Eclipse\SpringToolSuite4\plugins\org.eclipse.m2e.maven.runtime_3.9.900.20240824-1409\jars\plexus-build-api-0.0.7.jar
2025-10-17 11:07:32,993 [Worker-5: Launching Executing clean in F__ARCHIVOS_INSTITUTO CIBERTEC CLASES_LENGUAJE DE PROGRAMACIÓN II_CLASES LPII_SESIÓN 10 LPII_LPII_Sesión_10 - Sol_LPII_Spring_Ventas] INFO  o.eclipse.m2e.core.internal.Bundles - 	Entry: C:\Eclipse\SpringToolSuite4\plugins\org.eclipse.m2e.maven.runtime_3.9.900.20240824-1409\jars\plexus-build-api-1.2.0.jar
2025-10-17 11:07:32,993 [Worker-5: Launching Executing clean in F__ARCHIVOS_INSTITUTO CIBERTEC CLASES_LENGUAJE DE PROGRAMACIÓN II_CLASES LPII_SESIÓN 10 LPII_LPII_Sesión_10 - Sol_LPII_Spring_Ventas] INFO  o.eclipse.m2e.core.internal.Bundles - 	Entry: C:\Eclipse\SpringToolSuite4\plugins\org.eclipse.m2e.maven.runtime_3.9.900.20240824-1409\jars\plexus-cipher-2.0.jar
2025-10-17 11:07:32,993 [Worker-5: Launching Executing clean in F__ARCHIVOS_INSTITUTO CIBERTEC CLASES_LENGUAJE DE PROGRAMACIÓN II_CLASES LPII_SESIÓN 10 LPII_LPII_Sesión_10 - Sol_LPII_Spring_Ventas] INFO  o.eclipse.m2e.core.internal.Bundles - 	Entry: C:\Eclipse\SpringToolSuite4\plugins\org.eclipse.m2e.maven.runtime_3.9.900.20240824-1409\jars\plexus-classworlds-2.8.0.jar
2025-10-17 11:07:32,993 [Worker-5: Launching Executing clean in F__ARCHIVOS_INSTITUTO CIBERTEC CLASES_LENGUAJE DE PROGRAMACIÓN II_CLASES LPII_SESIÓN 10 LPII_LPII_Sesión_10 - Sol_LPII_Spring_Ventas] INFO  o.eclipse.m2e.core.internal.Bundles - 	Entry: C:\Eclipse\SpringToolSuite4\plugins\org.eclipse.m2e.maven.runtime_3.9.900.20240824-1409\jars\plexus-component-annotations-2.1.0.jar
2025-10-17 11:07:32,994 [Worker-5: Launching Executing clean in F__ARCHIVOS_INSTITUTO CIBERTEC CLASES_LENGUAJE DE PROGRAMACIÓN II_CLASES LPII_SESIÓN 10 LPII_LPII_Sesión_10 - Sol_LPII_Spring_Ventas] INFO  o.eclipse.m2e.core.internal.Bundles - 	Entry: C:\Eclipse\SpringToolSuite4\plugins\org.eclipse.m2e.maven.runtime_3.9.900.20240824-1409\jars\plexus-interpolation-1.27.jar
2025-10-17 11:07:32,994 [Worker-5: Launching Executing clean in F__ARCHIVOS_INSTITUTO CIBERTEC CLASES_LENGUAJE DE PROGRAMACIÓN II_CLASES LPII_SESIÓN 10 LPII_LPII_Sesión_10 - Sol_LPII_Spring_Ventas] INFO  o.eclipse.m2e.core.internal.Bundles - 	Entry: C:\Eclipse\SpringToolSuite4\plugins\org.eclipse.m2e.maven.runtime_3.9.900.20240824-1409\jars\plexus-sec-dispatcher-2.0.jar
2025-10-17 11:07:32,994 [Worker-5: Launching Executing clean in F__ARCHIVOS_INSTITUTO CIBERTEC CLASES_LENGUAJE DE PROGRAMACIÓN II_CLASES LPII_SESIÓN 10 LPII_LPII_Sesión_10 - Sol_LPII_Spring_Ventas] INFO  o.eclipse.m2e.core.internal.Bundles - 	Entry: C:\Eclipse\SpringToolSuite4\plugins\org.eclipse.m2e.maven.runtime_3.9.900.20240824-1409\jars\plexus-utils-3.5.1.jar
2025-10-17 11:07:32,994 [Worker-5: Launching Executing clean in F__ARCHIVOS_INSTITUTO CIBERTEC CLASES_LENGUAJE DE PROGRAMACIÓN II_CLASES LPII_SESIÓN 10 LPII_LPII_Sesión_10 - Sol_LPII_Spring_Ventas] INFO  o.eclipse.m2e.core.internal.Bundles - 	Entry: C:\Eclipse\SpringToolSuite4\plugins\org.eclipse.m2e.maven.runtime_3.9.900.20240824-1409\jars\plexus-xml-3.0.1.jar
2025-10-17 11:07:32,994 [Worker-5: Launching Executing clean in F__ARCHIVOS_INSTITUTO CIBERTEC CLASES_LENGUAJE DE PROGRAMACIÓN II_CLASES LPII_SESIÓN 10 LPII_LPII_Sesión_10 - Sol_LPII_Spring_Ventas] INFO  o.eclipse.m2e.core.internal.Bundles - 	Entry: C:\Eclipse\SpringToolSuite4\plugins\org.eclipse.m2e.maven.runtime_3.9.900.20240824-1409\jars\wagon-file-3.5.3.jar
2025-10-17 11:07:32,995 [Worker-5: Launching Executing clean in F__ARCHIVOS_INSTITUTO CIBERTEC CLASES_LENGUAJE DE PROGRAMACIÓN II_CLASES LPII_SESIÓN 10 LPII_LPII_Sesión_10 - Sol_LPII_Spring_Ventas] INFO  o.eclipse.m2e.core.internal.Bundles - 	Entry: C:\Eclipse\SpringToolSuite4\plugins\org.eclipse.m2e.maven.runtime_3.9.900.20240824-1409\jars\wagon-http-3.5.3.jar
2025-10-17 11:07:32,995 [Worker-5: Launching Executing clean in F__ARCHIVOS_INSTITUTO CIBERTEC CLASES_LENGUAJE DE PROGRAMACIÓN II_CLASES LPII_SESIÓN 10 LPII_LPII_Sesión_10 - Sol_LPII_Spring_Ventas] INFO  o.eclipse.m2e.core.internal.Bundles - 	Entry: C:\Eclipse\SpringToolSuite4\plugins\org.eclipse.m2e.maven.runtime_3.9.900.20240824-1409\jars\wagon-http-shared-3.5.3.jar
2025-10-17 11:07:32,995 [Worker-5: Launching Executing clean in F__ARCHIVOS_INSTITUTO CIBERTEC CLASES_LENGUAJE DE PROGRAMACIÓN II_CLASES LPII_SESIÓN 10 LPII_LPII_Sesión_10 - Sol_LPII_Spring_Ventas] INFO  o.eclipse.m2e.core.internal.Bundles - 	Entry: C:\Eclipse\SpringToolSuite4\plugins\org.eclipse.m2e.maven.runtime_3.9.900.20240824-1409\jars\wagon-provider-api-3.5.3.jar
2025-10-17 11:07:32,996 [Worker-5: Launching Executing clean in F__ARCHIVOS_INSTITUTO CIBERTEC CLASES_LENGUAJE DE PROGRAMACIÓN II_CLASES LPII_SESIÓN 10 LPII_LPII_Sesión_10 - Sol_LPII_Spring_Ventas] INFO  o.eclipse.m2e.core.internal.Bundles - getClasspathEntries(Bundle=com.google.guava_33.3.1.jre [29])
2025-10-17 11:07:32,997 [Worker-5: Launching Executing clean in F__ARCHIVOS_INSTITUTO CIBERTEC CLASES_LENGUAJE DE PROGRAMACIÓN II_CLASES LPII_SESIÓN 10 LPII_LPII_Sesión_10 - Sol_LPII_Spring_Ventas] INFO  o.eclipse.m2e.core.internal.Bundles - 	Entry: C:\Eclipse\SpringToolSuite4\plugins\com.google.guava_33.3.1.jre.jar
2025-10-17 11:07:32,997 [Worker-5: Launching Executing clean in F__ARCHIVOS_INSTITUTO CIBERTEC CLASES_LENGUAJE DE PROGRAMACIÓN II_CLASES LPII_SESIÓN 10 LPII_LPII_Sesión_10 - Sol_LPII_Spring_Ventas] INFO  o.eclipse.m2e.core.internal.Bundles - getClasspathEntries(Bundle=slf4j.api_2.0.16 [615])
2025-10-17 11:07:32,997 [Worker-5: Launching Executing clean in F__ARCHIVOS_INSTITUTO CIBERTEC CLASES_LENGUAJE DE PROGRAMACIÓN II_CLASES LPII_SESIÓN 10 LPII_LPII_Sesión_10 - Sol_LPII_Spring_Ventas] INFO  o.eclipse.m2e.core.internal.Bundles - 	Entry: C:\Eclipse\SpringToolSuite4\plugins\slf4j.api_2.0.16.jar
2025-10-17 11:07:32,997 [Worker-5: Launching Executing clean in F__ARCHIVOS_INSTITUTO CIBERTEC CLASES_LENGUAJE DE PROGRAMACIÓN II_CLASES LPII_SESIÓN 10 LPII_LPII_Sesión_10 - Sol_LPII_Spring_Ventas] INFO  o.eclipse.m2e.core.internal.Bundles - getClasspathEntries(Bundle=jakarta.inject.jakarta.inject-api_1.0.5 [45])
2025-10-17 11:07:32,998 [Worker-5: Launching Executing clean in F__ARCHIVOS_INSTITUTO CIBERTEC CLASES_LENGUAJE DE PROGRAMACIÓN II_CLASES LPII_SESIÓN 10 LPII_LPII_Sesión_10 - Sol_LPII_Spring_Ventas] INFO  o.eclipse.m2e.core.internal.Bundles - 	Entry: C:\Eclipse\SpringToolSuite4\plugins\jakarta.inject.jakarta.inject-api_1.0.5.jar
2025-10-17 11:07:32,998 [Worker-5: Launching Executing clean in F__ARCHIVOS_INSTITUTO CIBERTEC CLASES_LENGUAJE DE PROGRAMACIÓN II_CLASES LPII_SESIÓN 10 LPII_LPII_Sesión_10 - Sol_LPII_Spring_Ventas] INFO  o.eclipse.m2e.core.internal.Bundles - getClasspathEntries(Bundle=jakarta.annotation-api_1.3.5 [41])
2025-10-17 11:07:32,998 [Worker-5: Launching Executing clean in F__ARCHIVOS_INSTITUTO CIBERTEC CLASES_LENGUAJE DE PROGRAMACIÓN II_CLASES LPII_SESIÓN 10 LPII_LPII_Sesión_10 - Sol_LPII_Spring_Ventas] INFO  o.eclipse.m2e.core.internal.Bundles - 	Entry: C:\Eclipse\SpringToolSuite4\plugins\jakarta.annotation-api_1.3.5.jar
2025-10-17 11:07:32,998 [Worker-5: Launching Executing clean in F__ARCHIVOS_INSTITUTO CIBERTEC CLASES_LENGUAJE DE PROGRAMACIÓN II_CLASES LPII_SESIÓN 10 LPII_LPII_Sesión_10 - Sol_LPII_Spring_Ventas] INFO  o.eclipse.m2e.core.internal.Bundles - getClasspathEntries(Bundle=org.apache.commons.cli_1.9.0 [78])
2025-10-17 11:07:32,998 [Worker-5: Launching Executing clean in F__ARCHIVOS_INSTITUTO CIBERTEC CLASES_LENGUAJE DE PROGRAMACIÓN II_CLASES LPII_SESIÓN 10 LPII_LPII_Sesión_10 - Sol_LPII_Spring_Ventas] INFO  o.eclipse.m2e.core.internal.Bundles - 	Entry: C:\Eclipse\SpringToolSuite4\plugins\org.apache.commons.cli_1.9.0.jar
2025-10-17 11:07:32,998 [Worker-5: Launching Executing clean in F__ARCHIVOS_INSTITUTO CIBERTEC CLASES_LENGUAJE DE PROGRAMACIÓN II_CLASES LPII_SESIÓN 10 LPII_LPII_Sesión_10 - Sol_LPII_Spring_Ventas] INFO  o.eclipse.m2e.core.internal.Bundles - getClasspathEntries(Bundle=org.apache.commons.commons-codec_1.16.0 [81])
2025-10-17 11:07:32,999 [Worker-5: Launching Executing clean in F__ARCHIVOS_INSTITUTO CIBERTEC CLASES_LENGUAJE DE PROGRAMACIÓN II_CLASES LPII_SESIÓN 10 LPII_LPII_Sesión_10 - Sol_LPII_Spring_Ventas] INFO  o.eclipse.m2e.core.internal.Bundles - 	Entry: C:\Eclipse\SpringToolSuite4\plugins\org.apache.commons.commons-codec_1.16.0.jar
2025-10-17 11:07:32,999 [Worker-5: Launching Executing clean in F__ARCHIVOS_INSTITUTO CIBERTEC CLASES_LENGUAJE DE PROGRAMACIÓN II_CLASES LPII_SESIÓN 10 LPII_LPII_Sesión_10 - Sol_LPII_Spring_Ventas] INFO  o.eclipse.m2e.core.internal.Bundles - getClasspathEntries(Bundle=com.google.guava.failureaccess_1.0.2 [30])
2025-10-17 11:07:32,999 [Worker-5: Launching Executing clean in F__ARCHIVOS_INSTITUTO CIBERTEC CLASES_LENGUAJE DE PROGRAMACIÓN II_CLASES LPII_SESIÓN 10 LPII_LPII_Sesión_10 - Sol_LPII_Spring_Ventas] INFO  o.eclipse.m2e.core.internal.Bundles - 	Entry: C:\Eclipse\SpringToolSuite4\plugins\com.google.guava.failureaccess_1.0.2.jar
2025-10-17 11:07:33,009 [Worker-5: Launching Executing clean in F__ARCHIVOS_INSTITUTO CIBERTEC CLASES_LENGUAJE DE PROGRAMACIÓN II_CLASES LPII_SESIÓN 10 LPII_LPII_Sesión_10 - Sol_LPII_Spring_Ventas] INFO  o.e.m.i.launch.MavenLaunchDelegate - Run build in "F:\ARCHIVOS\INSTITUTO CIBERTEC CLASES\LENGUAJE DE PROGRAMACIÓN II\CLASES LPII\SESIÓN 10 LPII\LPII_Sesión_10 - Sol\LPII_Spring_Ventas":
2025-10-17 11:07:33,012 [Worker-5: Launching Executing clean in F__ARCHIVOS_INSTITUTO CIBERTEC CLASES_LENGUAJE DE PROGRAMACIÓN II_CLASES LPII_SESIÓN 10 LPII_LPII_Sesión_10 - Sol_LPII_Spring_Ventas] INFO  o.e.m.i.launch.MavenLaunchDelegate -  mvn  -Ppom.xml -B -Dstyle.color=always clean
2025-10-17 11:07:38,226 [Worker-8: Building] INFO  o.e.m.c.i.embedder.EclipseLogger - Using 'UTF-8' encoding to copy filtered resources.
2025-10-17 11:07:38,226 [Worker-8: Building] INFO  o.e.m.c.i.embedder.EclipseLogger - Using 'UTF-8' encoding to copy filtered properties files.
2025-10-17 11:07:38,227 [Worker-8: Building] INFO  o.e.m.c.i.embedder.EclipseLogger - Copying 1 resource
2025-10-17 11:07:38,229 [Worker-8: Building] INFO  o.e.m.c.i.embedder.EclipseLogger - Copying 15 resources
2025-10-17 11:07:38,285 [Worker-8: Building] INFO  o.e.m.c.i.embedder.EclipseLogger - Using 'UTF-8' encoding to copy filtered resources.
2025-10-17 11:07:38,285 [Worker-8: Building] INFO  o.e.m.c.i.embedder.EclipseLogger - Using 'UTF-8' encoding to copy filtered properties files.
2025-10-17 11:07:38,285 [Worker-8: Building] INFO  o.e.m.c.i.embedder.EclipseLogger - skip non existing resourceDirectory F:\ARCHIVOS\INSTITUTO CIBERTEC CLASES\LENGUAJE DE PROGRAMACIÓN II\CLASES LPII\SESIÓN 10 LPII\LPII_Sesión_10 - Sol\LPII_Spring_Ventas\src\test\resources
2025-10-17 11:07:38,287 [Worker-8: Building] INFO  o.e.m.w.i.f.ResourceFilteringBuildParticipant - Changed resources require a complete clean of filtered resources of LPII_Spring_Ventas
2025-10-17 11:07:38,288 [Worker-8: Building] INFO  o.e.m.w.i.f.ResourceFilteringBuildParticipant - Executing resource filtering for LPII_Spring_Ventas
2025-10-17 11:07:47,242 [Worker-1: Updating Maven Project] INFO  o.e.m.c.i.p.ProjectConfigurationManager - Update started
2025-10-17 11:07:47,966 [Worker-1: Updating Maven Project] WARN  o.a.m.r.i.DefaultArtifactDescriptorReader - 1 problem was encountered while building the effective model for org.javassist:javassist:jar:3.20.0-GA during dependency collection step for project (use -X to see details)
2025-10-17 11:07:48,460 [Worker-1: Updating Maven Project] INFO  o.e.m.c.i.l.LifecycleMappingFactory - Using org.maven.ide.eclipse.wtp.WarLifecycleMapping lifecycle mapping for MavenProject: com.cibertec.app:LPII_Spring_Ventas:0.0.1-SNAPSHOT @ F:\ARCHIVOS\INSTITUTO CIBERTEC CLASES\LENGUAJE DE PROGRAMACIÓN II\CLASES LPII\SESIÓN 10 LPII\LPII_Sesión_10 - Sol\LPII_Spring_Ventas\pom.xml.
2025-10-17 11:07:49,264 [Worker-1: Updating Maven Project] INFO  o.e.m.j.i.AbstractJavaProjectConfigurator - Adding source folder /LPII_Spring_Ventas/src/main/java
2025-10-17 11:07:49,266 [Worker-1: Updating Maven Project] INFO  o.e.m.j.i.AbstractJavaProjectConfigurator - Adding resource folder /LPII_Spring_Ventas/src/main/resources
2025-10-17 11:07:49,267 [Worker-1: Updating Maven Project] INFO  o.e.m.j.i.AbstractJavaProjectConfigurator - Adding resource folder /LPII_Spring_Ventas/src/main/resources
2025-10-17 11:07:49,268 [Worker-1: Updating Maven Project] INFO  o.e.m.j.i.AbstractJavaProjectConfigurator - Adding source folder /LPII_Spring_Ventas/src/test/java
2025-10-17 11:07:49,269 [Worker-1: Updating Maven Project] INFO  o.e.m.j.i.AbstractJavaProjectConfigurator - Adding resource folder /LPII_Spring_Ventas/src/test/resources
2025-10-17 11:07:50,188 [Worker-1: Updating Maven Project] INFO  o.e.m.w.i.f.ResourceFilteringBuildParticipant - Cleaning filtered folder for LPII_Spring_Ventas
2025-10-17 11:07:50,211 [Worker-1: Updating Maven Project] INFO  o.e.m.c.i.p.ProjectConfigurationManager - Update completed for 1 poms: local refresh takes 0.00 sec, refresh facades takes 1.00 sec, update config takes 0.00 sec 
2025-10-17 11:07:51,022 [Worker-6: Building] INFO  o.e.m.c.i.embedder.EclipseLogger - Using 'UTF-8' encoding to copy filtered resources.
2025-10-17 11:07:51,022 [Worker-6: Building] INFO  o.e.m.c.i.embedder.EclipseLogger - Using 'UTF-8' encoding to copy filtered properties files.
2025-10-17 11:07:51,023 [Worker-6: Building] INFO  o.e.m.c.i.embedder.EclipseLogger - Copying 1 resource
2025-10-17 11:07:51,048 [Worker-6: Building] INFO  o.e.m.c.i.embedder.EclipseLogger - Copying 15 resources
2025-10-17 11:07:51,162 [Worker-6: Building] INFO  o.e.m.c.i.embedder.EclipseLogger - Using 'UTF-8' encoding to copy filtered resources.
2025-10-17 11:07:51,162 [Worker-6: Building] INFO  o.e.m.c.i.embedder.EclipseLogger - Using 'UTF-8' encoding to copy filtered properties files.
2025-10-17 11:07:51,162 [Worker-6: Building] INFO  o.e.m.c.i.embedder.EclipseLogger - skip non existing resourceDirectory F:\ARCHIVOS\INSTITUTO CIBERTEC CLASES\LENGUAJE DE PROGRAMACIÓN II\CLASES LPII\SESIÓN 10 LPII\LPII_Sesión_10 - Sol\LPII_Spring_Ventas\src\test\resources
2025-10-17 11:07:51,162 [Worker-6: Building] INFO  o.e.m.w.i.f.ResourceFilteringBuildParticipant - Changed resources require a complete clean of filtered resources of LPII_Spring_Ventas
2025-10-17 11:07:51,162 [Worker-6: Building] INFO  o.e.m.w.i.f.ResourceFilteringBuildParticipant - Executing resource filtering for LPII_Spring_Ventas
2025-10-17 11:31:36,201 [Worker-4: Building] INFO  o.e.m.c.i.embedder.EclipseLogger - Using 'UTF-8' encoding to copy filtered resources.
2025-10-17 11:31:36,201 [Worker-4: Building] INFO  o.e.m.c.i.embedder.EclipseLogger - Using 'UTF-8' encoding to copy filtered properties files.
2025-10-17 11:31:36,204 [Worker-4: Building] INFO  o.e.m.c.i.embedder.EclipseLogger - Copying 1 resource
2025-10-17 11:31:36,211 [Worker-4: Building] INFO  o.e.m.c.i.embedder.EclipseLogger - Copying 15 resources
2025-10-17 11:31:36,221 [Worker-4: Building] INFO  o.e.m.c.i.embedder.EclipseLogger - Using 'UTF-8' encoding to copy filtered resources.
2025-10-17 11:31:36,221 [Worker-4: Building] INFO  o.e.m.c.i.embedder.EclipseLogger - Using 'UTF-8' encoding to copy filtered properties files.
2025-10-17 11:31:36,221 [Worker-4: Building] INFO  o.e.m.c.i.embedder.EclipseLogger - skip non existing resourceDirectory F:\ARCHIVOS\INSTITUTO CIBERTEC CLASES\LENGUAJE DE PROGRAMACIÓN II\CLASES LPII\SESIÓN 10 LPII\LPII_Sesión_10 - Sol\LPII_Spring_Ventas\src\test\resources
2025-10-17 11:34:09,059 [Worker-8: Building] INFO  o.e.m.c.i.embedder.EclipseLogger - Using 'UTF-8' encoding to copy filtered resources.
2025-10-17 11:34:09,059 [Worker-8: Building] INFO  o.e.m.c.i.embedder.EclipseLogger - Using 'UTF-8' encoding to copy filtered properties files.
2025-10-17 11:34:09,061 [Worker-8: Building] INFO  o.e.m.c.i.embedder.EclipseLogger - Copying 1 resource
2025-10-17 11:34:09,067 [Worker-8: Building] INFO  o.e.m.c.i.embedder.EclipseLogger - Copying 15 resources
2025-10-17 11:34:09,073 [Worker-8: Building] INFO  o.e.m.c.i.embedder.EclipseLogger - Using 'UTF-8' encoding to copy filtered resources.
2025-10-17 11:34:09,073 [Worker-8: Building] INFO  o.e.m.c.i.embedder.EclipseLogger - Using 'UTF-8' encoding to copy filtered properties files.
2025-10-17 11:34:09,074 [Worker-8: Building] INFO  o.e.m.c.i.embedder.EclipseLogger - skip non existing resourceDirectory F:\ARCHIVOS\INSTITUTO CIBERTEC CLASES\LENGUAJE DE PROGRAMACIÓN II\CLASES LPII\SESIÓN 10 LPII\LPII_Sesión_10 - Sol\LPII_Spring_Ventas\src\test\resources
2025-10-17 14:00:15,632 [Worker-5: Loading available Gradle versions] INFO  o.e.b.c.i.u.g.PublishedGradleVersions - Gradle version information cache is up-to-date. Trying to read.
2025-10-17 17:38:59,197 [Worker-7: Loading available Gradle versions] INFO  o.e.b.c.i.u.g.PublishedGradleVersions - Gradle version information cache is up-to-date. Trying to read.
2025-10-21 11:20:40,768 [Worker-5: Loading available Gradle versions] INFO  o.e.b.c.i.u.g.PublishedGradleVersions - Gradle version information cache is out-of-date. Trying to update.
2025-10-21 11:20:47,607 [Worker-3: Building] WARN  o.a.m.r.i.DefaultArtifactDescriptorReader - 1 problem was encountered while building the effective model for org.javassist:javassist:jar:3.20.0-GA during dependency collection step for project (use -X to see details)
2025-10-21 11:20:48,377 [Worker-3: Building] INFO  o.e.m.c.i.embedder.EclipseLogger - Using 'UTF-8' encoding to copy filtered resources.
2025-10-21 11:20:48,377 [Worker-3: Building] INFO  o.e.m.c.i.embedder.EclipseLogger - Using 'UTF-8' encoding to copy filtered properties files.
2025-10-21 11:20:48,381 [Worker-3: Building] INFO  o.e.m.c.i.embedder.EclipseLogger - Copying 1 resource
2025-10-21 11:20:48,400 [Worker-3: Building] INFO  o.e.m.c.i.embedder.EclipseLogger - Copying 15 resources
2025-10-21 11:20:48,426 [Worker-3: Building] INFO  o.e.m.c.i.embedder.EclipseLogger - Using 'UTF-8' encoding to copy filtered resources.
2025-10-21 11:20:48,426 [Worker-3: Building] INFO  o.e.m.c.i.embedder.EclipseLogger - Using 'UTF-8' encoding to copy filtered properties files.
2025-10-21 11:20:48,426 [Worker-3: Building] INFO  o.e.m.c.i.embedder.EclipseLogger - skip non existing resourceDirectory D:\LanSchool Files\LPII_Sesión_11 - Rec\LPII_Spring_Ventas\src\test\resources
2025-10-21 12:05:19,385 [Worker-22: Building] INFO  o.e.m.c.i.embedder.EclipseLogger - Using 'UTF-8' encoding to copy filtered resources.
2025-10-21 12:05:19,418 [Worker-22: Building] INFO  o.e.m.c.i.embedder.EclipseLogger - Using 'UTF-8' encoding to copy filtered properties files.
2025-10-21 12:05:19,425 [Worker-22: Building] INFO  o.e.m.c.i.embedder.EclipseLogger - Copying 1 resource
2025-10-21 12:05:19,435 [Worker-22: Building] INFO  o.e.m.c.i.embedder.EclipseLogger - Copying 14 resources
2025-10-21 12:05:19,450 [Worker-22: Building] INFO  o.e.m.c.i.embedder.EclipseLogger - Using 'UTF-8' encoding to copy filtered resources.
2025-10-21 12:05:19,450 [Worker-22: Building] INFO  o.e.m.c.i.embedder.EclipseLogger - Using 'UTF-8' encoding to copy filtered properties files.
2025-10-21 12:05:19,451 [Worker-22: Building] INFO  o.e.m.c.i.embedder.EclipseLogger - skip non existing resourceDirectory D:\LanSchool Files\LPII_Sesión_11 - Rec\LPII_Spring_Ventas\src\test\resources
2025-10-21 12:27:31,036 [Worker-32: Building] INFO  o.e.m.c.i.embedder.EclipseLogger - Using 'UTF-8' encoding to copy filtered resources.
2025-10-21 12:27:31,036 [Worker-32: Building] INFO  o.e.m.c.i.embedder.EclipseLogger - Using 'UTF-8' encoding to copy filtered properties files.
2025-10-21 12:27:31,039 [Worker-32: Building] INFO  o.e.m.c.i.embedder.EclipseLogger - Copying 1 resource
2025-10-21 12:27:31,048 [Worker-32: Building] INFO  o.e.m.c.i.embedder.EclipseLogger - Copying 14 resources
2025-10-21 12:27:31,057 [Worker-32: Building] INFO  o.e.m.c.i.embedder.EclipseLogger - Using 'UTF-8' encoding to copy filtered resources.
2025-10-21 12:27:31,058 [Worker-32: Building] INFO  o.e.m.c.i.embedder.EclipseLogger - Using 'UTF-8' encoding to copy filtered properties files.
2025-10-21 12:27:31,058 [Worker-32: Building] INFO  o.e.m.c.i.embedder.EclipseLogger - skip non existing resourceDirectory D:\LanSchool Files\LPII_Sesión_11 - Rec\LPII_Spring_Ventas\src\test\resources
2025-10-21 12:32:09,226 [Worker-27: Building] INFO  o.e.m.c.i.embedder.EclipseLogger - Using 'UTF-8' encoding to copy filtered resources.
2025-10-21 12:32:09,226 [Worker-27: Building] INFO  o.e.m.c.i.embedder.EclipseLogger - Using 'UTF-8' encoding to copy filtered properties files.
2025-10-21 12:32:09,228 [Worker-27: Building] INFO  o.e.m.c.i.embedder.EclipseLogger - Copying 0 resource
2025-10-21 12:32:09,233 [Worker-27: Building] INFO  o.e.m.c.i.embedder.EclipseLogger - Copying 1 resource
2025-10-21 12:32:09,240 [Worker-27: Building] INFO  o.e.m.c.i.embedder.EclipseLogger - Using 'UTF-8' encoding to copy filtered resources.
2025-10-21 12:32:09,240 [Worker-27: Building] INFO  o.e.m.c.i.embedder.EclipseLogger - Using 'UTF-8' encoding to copy filtered properties files.
2025-10-21 12:32:09,240 [Worker-27: Building] INFO  o.e.m.c.i.embedder.EclipseLogger - skip non existing resourceDirectory D:\LanSchool Files\LPII_Sesión_11 - Rec\LPII_Spring_Ventas\src\test\resources
2025-10-21 12:39:46,926 [Worker-27: Building] INFO  o.e.m.c.i.embedder.EclipseLogger - Using 'UTF-8' encoding to copy filtered resources.
2025-10-21 12:39:46,926 [Worker-27: Building] INFO  o.e.m.c.i.embedder.EclipseLogger - Using 'UTF-8' encoding to copy filtered properties files.
2025-10-21 12:39:46,930 [Worker-27: Building] INFO  o.e.m.c.i.embedder.EclipseLogger - Copying 0 resource
2025-10-21 12:39:46,935 [Worker-27: Building] INFO  o.e.m.c.i.embedder.EclipseLogger - Copying 1 resource
2025-10-21 12:39:46,943 [Worker-27: Building] INFO  o.e.m.c.i.embedder.EclipseLogger - Using 'UTF-8' encoding to copy filtered resources.
2025-10-21 12:39:46,943 [Worker-27: Building] INFO  o.e.m.c.i.embedder.EclipseLogger - Using 'UTF-8' encoding to copy filtered properties files.
2025-10-21 12:39:46,944 [Worker-27: Building] INFO  o.e.m.c.i.embedder.EclipseLogger - skip non existing resourceDirectory D:\LanSchool Files\LPII_Sesión_11 - Rec\LPII_Spring_Ventas\src\test\resources
2025-10-21 12:57:27,610 [Worker-39: Building] INFO  o.e.m.c.i.embedder.EclipseLogger - Using 'UTF-8' encoding to copy filtered resources.
2025-10-21 12:57:27,611 [Worker-39: Building] INFO  o.e.m.c.i.embedder.EclipseLogger - Using 'UTF-8' encoding to copy filtered properties files.
2025-10-21 12:57:27,612 [Worker-39: Building] INFO  o.e.m.c.i.embedder.EclipseLogger - Copying 1 resource
2025-10-21 12:57:27,622 [Worker-39: Building] INFO  o.e.m.c.i.embedder.EclipseLogger - Copying 15 resources
2025-10-21 12:57:27,630 [Worker-39: Building] INFO  o.e.m.c.i.embedder.EclipseLogger - Using 'UTF-8' encoding to copy filtered resources.
2025-10-21 12:57:27,631 [Worker-39: Building] INFO  o.e.m.c.i.embedder.EclipseLogger - Using 'UTF-8' encoding to copy filtered properties files.
2025-10-21 12:57:27,631 [Worker-39: Building] INFO  o.e.m.c.i.embedder.EclipseLogger - skip non existing resourceDirectory D:\LanSchool Files\LPII_Sesión_11 - Rec\LPII_Spring_Ventas\src\test\resources
